[2024-09-27 08:30:27] local.ERROR: There are no commands defined in the "ide-helper" namespace. {"exception":"[object] (Symfony\\Component\\Console\\Exception\\NamespaceNotFoundException(code: 0): There are no commands defined in the \"ide-helper\" namespace. at C:\\Users\\UY\\works\\_php_projects\\numerology\\vendor\\symfony\\console\\Application.php:650)
[stacktrace]
#0 C:\\Users\\UY\\works\\_php_projects\\numerology\\vendor\\symfony\\console\\Application.php(701): Symfony\\Component\\Console\\Application->findNamespace('ide-helper')
#1 C:\\Users\\UY\\works\\_php_projects\\numerology\\vendor\\symfony\\console\\Application.php(259): Symfony\\Component\\Console\\Application->find('ide-helper:gene...')
#2 C:\\Users\\UY\\works\\_php_projects\\numerology\\vendor\\symfony\\console\\Application.php(171): Symfony\\Component\\Console\\Application->doRun(Object(Symfony\\Component\\Console\\Input\\ArgvInput), Object(Symfony\\Component\\Console\\Output\\ConsoleOutput))
#3 C:\\Users\\UY\\works\\_php_projects\\numerology\\vendor\\laravel\\framework\\src\\Illuminate\\Console\\Application.php(94): Symfony\\Component\\Console\\Application->run(Object(Symfony\\Component\\Console\\Input\\ArgvInput), Object(Symfony\\Component\\Console\\Output\\ConsoleOutput))
#4 C:\\Users\\UY\\works\\_php_projects\\numerology\\vendor\\laravel\\framework\\src\\Illuminate\\Foundation\\Console\\Kernel.php(129): Illuminate\\Console\\Application->run(Object(Symfony\\Component\\Console\\Input\\ArgvInput), Object(Symfony\\Component\\Console\\Output\\ConsoleOutput))
#5 C:\\Users\\UY\\works\\_php_projects\\numerology\\artisan(35): Illuminate\\Foundation\\Console\\Kernel->handle(Object(Symfony\\Component\\Console\\Input\\ArgvInput), Object(Symfony\\Component\\Console\\Output\\ConsoleOutput))
#6 {main}
"} 
[2024-09-27 08:30:32] local.ERROR: Class "App\Admin\Controllers\Customer" not found {"userId":1,"exception":"[object] (Error(code: 0): Class \"App\\Admin\\Controllers\\Customer\" not found at C:\\Users\\UY\\works\\_php_projects\\numerology\\app\\Admin\\Controllers\\BuyMeCoffeeController.php:23)
[stacktrace]
#0 C:\\Users\\UY\\works\\_php_projects\\numerology\\vendor\\laravel\\framework\\src\\Illuminate\\Routing\\Controller.php(54): App\\Admin\\Controllers\\BuyMeCoffeeController->index(Object(Encore\\Admin\\Layout\\Content))
#1 C:\\Users\\UY\\works\\_php_projects\\numerology\\vendor\\laravel\\framework\\src\\Illuminate\\Routing\\ControllerDispatcher.php(45): Illuminate\\Routing\\Controller->callAction('index', Array)
#2 C:\\Users\\UY\\works\\_php_projects\\numerology\\vendor\\laravel\\framework\\src\\Illuminate\\Routing\\Route.php(261): Illuminate\\Routing\\ControllerDispatcher->dispatch(Object(Illuminate\\Routing\\Route), Object(App\\Admin\\Controllers\\BuyMeCoffeeController), 'index')
#3 C:\\Users\\UY\\works\\_php_projects\\numerology\\vendor\\laravel\\framework\\src\\Illuminate\\Routing\\Route.php(205): Illuminate\\Routing\\Route->runController()
#4 C:\\Users\\UY\\works\\_php_projects\\numerology\\vendor\\laravel\\framework\\src\\Illuminate\\Routing\\Router.php(721): Illuminate\\Routing\\Route->run()
#5 C:\\Users\\UY\\works\\_php_projects\\numerology\\vendor\\laravel\\framework\\src\\Illuminate\\Pipeline\\Pipeline.php(128): Illuminate\\Routing\\Router->Illuminate\\Routing\\{closure}(Object(Illuminate\\Http\\Request))
#6 C:\\Users\\UY\\works\\_php_projects\\numerology\\vendor\\encore\\laravel-admin\\src\\Middleware\\Permission.php(46): Illuminate\\Pipeline\\Pipeline->Illuminate\\Pipeline\\{closure}(Object(Illuminate\\Http\\Request))
#7 C:\\Users\\UY\\works\\_php_projects\\numerology\\vendor\\laravel\\framework\\src\\Illuminate\\Pipeline\\Pipeline.php(167): Encore\\Admin\\Middleware\\Permission->handle(Object(Illuminate\\Http\\Request), Object(Closure))
#8 C:\\Users\\UY\\works\\_php_projects\\numerology\\vendor\\encore\\laravel-admin\\src\\Middleware\\Bootstrap.php(15): Illuminate\\Pipeline\\Pipeline->Illuminate\\Pipeline\\{closure}(Object(Illuminate\\Http\\Request))
#9 C:\\Users\\UY\\works\\_php_projects\\numerology\\vendor\\laravel\\framework\\src\\Illuminate\\Pipeline\\Pipeline.php(167): Encore\\Admin\\Middleware\\Bootstrap->handle(Object(Illuminate\\Http\\Request), Object(Closure))
#10 C:\\Users\\UY\\works\\_php_projects\\numerology\\vendor\\encore\\laravel-admin\\src\\Middleware\\LogOperation.php(38): Illuminate\\Pipeline\\Pipeline->Illuminate\\Pipeline\\{closure}(Object(Illuminate\\Http\\Request))
#11 C:\\Users\\UY\\works\\_php_projects\\numerology\\vendor\\laravel\\framework\\src\\Illuminate\\Pipeline\\Pipeline.php(167): Encore\\Admin\\Middleware\\LogOperation->handle(Object(Illuminate\\Http\\Request), Object(Closure))
#12 C:\\Users\\UY\\works\\_php_projects\\numerology\\vendor\\encore\\laravel-admin\\src\\Middleware\\Pjax.php(24): Illuminate\\Pipeline\\Pipeline->Illuminate\\Pipeline\\{closure}(Object(Illuminate\\Http\\Request))
#13 C:\\Users\\UY\\works\\_php_projects\\numerology\\vendor\\laravel\\framework\\src\\Illuminate\\Pipeline\\Pipeline.php(167): Encore\\Admin\\Middleware\\Pjax->handle(Object(Illuminate\\Http\\Request), Object(Closure))
#14 C:\\Users\\UY\\works\\_php_projects\\numerology\\vendor\\encore\\laravel-admin\\src\\Middleware\\Authenticate.php(28): Illuminate\\Pipeline\\Pipeline->Illuminate\\Pipeline\\{closure}(Object(Illuminate\\Http\\Request))
#15 C:\\Users\\UY\\works\\_php_projects\\numerology\\vendor\\laravel\\framework\\src\\Illuminate\\Pipeline\\Pipeline.php(167): Encore\\Admin\\Middleware\\Authenticate->handle(Object(Illuminate\\Http\\Request), Object(Closure))
#16 C:\\Users\\UY\\works\\_php_projects\\numerology\\vendor\\laravel\\framework\\src\\Illuminate\\Routing\\Middleware\\SubstituteBindings.php(50): Illuminate\\Pipeline\\Pipeline->Illuminate\\Pipeline\\{closure}(Object(Illuminate\\Http\\Request))
#17 C:\\Users\\UY\\works\\_php_projects\\numerology\\vendor\\laravel\\framework\\src\\Illuminate\\Pipeline\\Pipeline.php(167): Illuminate\\Routing\\Middleware\\SubstituteBindings->handle(Object(Illuminate\\Http\\Request), Object(Closure))
#18 C:\\Users\\UY\\works\\_php_projects\\numerology\\vendor\\laravel\\framework\\src\\Illuminate\\Foundation\\Http\\Middleware\\VerifyCsrfToken.php(78): Illuminate\\Pipeline\\Pipeline->Illuminate\\Pipeline\\{closure}(Object(Illuminate\\Http\\Request))
#19 C:\\Users\\UY\\works\\_php_projects\\numerology\\vendor\\laravel\\framework\\src\\Illuminate\\Pipeline\\Pipeline.php(167): Illuminate\\Foundation\\Http\\Middleware\\VerifyCsrfToken->handle(Object(Illuminate\\Http\\Request), Object(Closure))
#20 C:\\Users\\UY\\works\\_php_projects\\numerology\\vendor\\laravel\\framework\\src\\Illuminate\\View\\Middleware\\ShareErrorsFromSession.php(49): Illuminate\\Pipeline\\Pipeline->Illuminate\\Pipeline\\{closure}(Object(Illuminate\\Http\\Request))
#21 C:\\Users\\UY\\works\\_php_projects\\numerology\\vendor\\laravel\\framework\\src\\Illuminate\\Pipeline\\Pipeline.php(167): Illuminate\\View\\Middleware\\ShareErrorsFromSession->handle(Object(Illuminate\\Http\\Request), Object(Closure))
#22 C:\\Users\\UY\\works\\_php_projects\\numerology\\vendor\\laravel\\framework\\src\\Illuminate\\Session\\Middleware\\StartSession.php(121): Illuminate\\Pipeline\\Pipeline->Illuminate\\Pipeline\\{closure}(Object(Illuminate\\Http\\Request))
#23 C:\\Users\\UY\\works\\_php_projects\\numerology\\vendor\\laravel\\framework\\src\\Illuminate\\Session\\Middleware\\StartSession.php(64): Illuminate\\Session\\Middleware\\StartSession->handleStatefulRequest(Object(Illuminate\\Http\\Request), Object(Illuminate\\Session\\Store), Object(Closure))
#24 C:\\Users\\UY\\works\\_php_projects\\numerology\\vendor\\laravel\\framework\\src\\Illuminate\\Pipeline\\Pipeline.php(167): Illuminate\\Session\\Middleware\\StartSession->handle(Object(Illuminate\\Http\\Request), Object(Closure))
#25 C:\\Users\\UY\\works\\_php_projects\\numerology\\vendor\\laravel\\framework\\src\\Illuminate\\Cookie\\Middleware\\AddQueuedCookiesToResponse.php(37): Illuminate\\Pipeline\\Pipeline->Illuminate\\Pipeline\\{closure}(Object(Illuminate\\Http\\Request))
#26 C:\\Users\\UY\\works\\_php_projects\\numerology\\vendor\\laravel\\framework\\src\\Illuminate\\Pipeline\\Pipeline.php(167): Illuminate\\Cookie\\Middleware\\AddQueuedCookiesToResponse->handle(Object(Illuminate\\Http\\Request), Object(Closure))
#27 C:\\Users\\UY\\works\\_php_projects\\numerology\\vendor\\laravel\\framework\\src\\Illuminate\\Cookie\\Middleware\\EncryptCookies.php(67): Illuminate\\Pipeline\\Pipeline->Illuminate\\Pipeline\\{closure}(Object(Illuminate\\Http\\Request))
#28 C:\\Users\\UY\\works\\_php_projects\\numerology\\vendor\\laravel\\framework\\src\\Illuminate\\Pipeline\\Pipeline.php(167): Illuminate\\Cookie\\Middleware\\EncryptCookies->handle(Object(Illuminate\\Http\\Request), Object(Closure))
#29 C:\\Users\\UY\\works\\_php_projects\\numerology\\vendor\\laravel\\framework\\src\\Illuminate\\Pipeline\\Pipeline.php(103): Illuminate\\Pipeline\\Pipeline->Illuminate\\Pipeline\\{closure}(Object(Illuminate\\Http\\Request))
#30 C:\\Users\\UY\\works\\_php_projects\\numerology\\vendor\\laravel\\framework\\src\\Illuminate\\Routing\\Router.php(719): Illuminate\\Pipeline\\Pipeline->then(Object(Closure))
#31 C:\\Users\\UY\\works\\_php_projects\\numerology\\vendor\\laravel\\framework\\src\\Illuminate\\Routing\\Router.php(698): Illuminate\\Routing\\Router->runRouteWithinStack(Object(Illuminate\\Routing\\Route), Object(Illuminate\\Http\\Request))
#32 C:\\Users\\UY\\works\\_php_projects\\numerology\\vendor\\laravel\\framework\\src\\Illuminate\\Routing\\Router.php(662): Illuminate\\Routing\\Router->runRoute(Object(Illuminate\\Http\\Request), Object(Illuminate\\Routing\\Route))
#33 C:\\Users\\UY\\works\\_php_projects\\numerology\\vendor\\laravel\\framework\\src\\Illuminate\\Routing\\Router.php(651): Illuminate\\Routing\\Router->dispatchToRoute(Object(Illuminate\\Http\\Request))
#34 C:\\Users\\UY\\works\\_php_projects\\numerology\\vendor\\laravel\\framework\\src\\Illuminate\\Foundation\\Http\\Kernel.php(167): Illuminate\\Routing\\Router->dispatch(Object(Illuminate\\Http\\Request))
#35 C:\\Users\\UY\\works\\_php_projects\\numerology\\vendor\\laravel\\framework\\src\\Illuminate\\Pipeline\\Pipeline.php(128): Illuminate\\Foundation\\Http\\Kernel->Illuminate\\Foundation\\Http\\{closure}(Object(Illuminate\\Http\\Request))
#36 C:\\Users\\UY\\works\\_php_projects\\numerology\\vendor\\laravel\\framework\\src\\Illuminate\\Foundation\\Http\\Middleware\\TransformsRequest.php(21): Illuminate\\Pipeline\\Pipeline->Illuminate\\Pipeline\\{closure}(Object(Illuminate\\Http\\Request))
#37 C:\\Users\\UY\\works\\_php_projects\\numerology\\vendor\\laravel\\framework\\src\\Illuminate\\Foundation\\Http\\Middleware\\ConvertEmptyStringsToNull.php(31): Illuminate\\Foundation\\Http\\Middleware\\TransformsRequest->handle(Object(Illuminate\\Http\\Request), Object(Closure))
#38 C:\\Users\\UY\\works\\_php_projects\\numerology\\vendor\\laravel\\framework\\src\\Illuminate\\Pipeline\\Pipeline.php(167): Illuminate\\Foundation\\Http\\Middleware\\ConvertEmptyStringsToNull->handle(Object(Illuminate\\Http\\Request), Object(Closure))
#39 C:\\Users\\UY\\works\\_php_projects\\numerology\\vendor\\laravel\\framework\\src\\Illuminate\\Foundation\\Http\\Middleware\\TransformsRequest.php(21): Illuminate\\Pipeline\\Pipeline->Illuminate\\Pipeline\\{closure}(Object(Illuminate\\Http\\Request))
#40 C:\\Users\\UY\\works\\_php_projects\\numerology\\vendor\\laravel\\framework\\src\\Illuminate\\Foundation\\Http\\Middleware\\TrimStrings.php(40): Illuminate\\Foundation\\Http\\Middleware\\TransformsRequest->handle(Object(Illuminate\\Http\\Request), Object(Closure))
#41 C:\\Users\\UY\\works\\_php_projects\\numerology\\vendor\\laravel\\framework\\src\\Illuminate\\Pipeline\\Pipeline.php(167): Illuminate\\Foundation\\Http\\Middleware\\TrimStrings->handle(Object(Illuminate\\Http\\Request), Object(Closure))
#42 C:\\Users\\UY\\works\\_php_projects\\numerology\\vendor\\laravel\\framework\\src\\Illuminate\\Foundation\\Http\\Middleware\\ValidatePostSize.php(27): Illuminate\\Pipeline\\Pipeline->Illuminate\\Pipeline\\{closure}(Object(Illuminate\\Http\\Request))
#43 C:\\Users\\UY\\works\\_php_projects\\numerology\\vendor\\laravel\\framework\\src\\Illuminate\\Pipeline\\Pipeline.php(167): Illuminate\\Foundation\\Http\\Middleware\\ValidatePostSize->handle(Object(Illuminate\\Http\\Request), Object(Closure))
#44 C:\\Users\\UY\\works\\_php_projects\\numerology\\vendor\\laravel\\framework\\src\\Illuminate\\Foundation\\Http\\Middleware\\PreventRequestsDuringMaintenance.php(86): Illuminate\\Pipeline\\Pipeline->Illuminate\\Pipeline\\{closure}(Object(Illuminate\\Http\\Request))
#45 C:\\Users\\UY\\works\\_php_projects\\numerology\\vendor\\laravel\\framework\\src\\Illuminate\\Pipeline\\Pipeline.php(167): Illuminate\\Foundation\\Http\\Middleware\\PreventRequestsDuringMaintenance->handle(Object(Illuminate\\Http\\Request), Object(Closure))
#46 C:\\Users\\UY\\works\\_php_projects\\numerology\\vendor\\fruitcake\\laravel-cors\\src\\HandleCors.php(38): Illuminate\\Pipeline\\Pipeline->Illuminate\\Pipeline\\{closure}(Object(Illuminate\\Http\\Request))
#47 C:\\Users\\UY\\works\\_php_projects\\numerology\\vendor\\laravel\\framework\\src\\Illuminate\\Pipeline\\Pipeline.php(167): Fruitcake\\Cors\\HandleCors->handle(Object(Illuminate\\Http\\Request), Object(Closure))
#48 C:\\Users\\UY\\works\\_php_projects\\numerology\\vendor\\fideloper\\proxy\\src\\TrustProxies.php(57): Illuminate\\Pipeline\\Pipeline->Illuminate\\Pipeline\\{closure}(Object(Illuminate\\Http\\Request))
#49 C:\\Users\\UY\\works\\_php_projects\\numerology\\vendor\\laravel\\framework\\src\\Illuminate\\Pipeline\\Pipeline.php(167): Fideloper\\Proxy\\TrustProxies->handle(Object(Illuminate\\Http\\Request), Object(Closure))
#50 C:\\Users\\UY\\works\\_php_projects\\numerology\\vendor\\laravel\\framework\\src\\Illuminate\\Pipeline\\Pipeline.php(103): Illuminate\\Pipeline\\Pipeline->Illuminate\\Pipeline\\{closure}(Object(Illuminate\\Http\\Request))
#51 C:\\Users\\UY\\works\\_php_projects\\numerology\\vendor\\laravel\\framework\\src\\Illuminate\\Foundation\\Http\\Kernel.php(142): Illuminate\\Pipeline\\Pipeline->then(Object(Closure))
#52 C:\\Users\\UY\\works\\_php_projects\\numerology\\vendor\\laravel\\framework\\src\\Illuminate\\Foundation\\Http\\Kernel.php(111): Illuminate\\Foundation\\Http\\Kernel->sendRequestThroughRouter(Object(Illuminate\\Http\\Request))
#53 C:\\Users\\UY\\works\\_php_projects\\numerology\\public\\index.php(54): Illuminate\\Foundation\\Http\\Kernel->handle(Object(Illuminate\\Http\\Request))
#54 {main}
"} 
[2024-09-27 08:31:18] local.ERROR: There are no commands defined in the "ide-helper" namespace. {"exception":"[object] (Symfony\\Component\\Console\\Exception\\NamespaceNotFoundException(code: 0): There are no commands defined in the \"ide-helper\" namespace. at C:\\Users\\UY\\works\\_php_projects\\numerology\\vendor\\symfony\\console\\Application.php:650)
[stacktrace]
#0 C:\\Users\\UY\\works\\_php_projects\\numerology\\vendor\\symfony\\console\\Application.php(701): Symfony\\Component\\Console\\Application->findNamespace('ide-helper')
#1 C:\\Users\\UY\\works\\_php_projects\\numerology\\vendor\\symfony\\console\\Application.php(259): Symfony\\Component\\Console\\Application->find('ide-helper:gene...')
#2 C:\\Users\\UY\\works\\_php_projects\\numerology\\vendor\\symfony\\console\\Application.php(171): Symfony\\Component\\Console\\Application->doRun(Object(Symfony\\Component\\Console\\Input\\ArgvInput), Object(Symfony\\Component\\Console\\Output\\ConsoleOutput))
#3 C:\\Users\\UY\\works\\_php_projects\\numerology\\vendor\\laravel\\framework\\src\\Illuminate\\Console\\Application.php(94): Symfony\\Component\\Console\\Application->run(Object(Symfony\\Component\\Console\\Input\\ArgvInput), Object(Symfony\\Component\\Console\\Output\\ConsoleOutput))
#4 C:\\Users\\UY\\works\\_php_projects\\numerology\\vendor\\laravel\\framework\\src\\Illuminate\\Foundation\\Console\\Kernel.php(129): Illuminate\\Console\\Application->run(Object(Symfony\\Component\\Console\\Input\\ArgvInput), Object(Symfony\\Component\\Console\\Output\\ConsoleOutput))
#5 C:\\Users\\UY\\works\\_php_projects\\numerology\\artisan(35): Illuminate\\Foundation\\Console\\Kernel->handle(Object(Symfony\\Component\\Console\\Input\\ArgvInput), Object(Symfony\\Component\\Console\\Output\\ConsoleOutput))
#6 {main}
"} 
[2024-09-27 08:31:48] local.ERROR: There are no commands defined in the "ide-helper" namespace. {"exception":"[object] (Symfony\\Component\\Console\\Exception\\NamespaceNotFoundException(code: 0): There are no commands defined in the \"ide-helper\" namespace. at C:\\Users\\UY\\works\\_php_projects\\numerology\\vendor\\symfony\\console\\Application.php:650)
[stacktrace]
#0 C:\\Users\\UY\\works\\_php_projects\\numerology\\vendor\\symfony\\console\\Application.php(701): Symfony\\Component\\Console\\Application->findNamespace('ide-helper')
#1 C:\\Users\\UY\\works\\_php_projects\\numerology\\vendor\\symfony\\console\\Application.php(259): Symfony\\Component\\Console\\Application->find('ide-helper:gene...')
#2 C:\\Users\\UY\\works\\_php_projects\\numerology\\vendor\\symfony\\console\\Application.php(171): Symfony\\Component\\Console\\Application->doRun(Object(Symfony\\Component\\Console\\Input\\ArgvInput), Object(Symfony\\Component\\Console\\Output\\ConsoleOutput))
#3 C:\\Users\\UY\\works\\_php_projects\\numerology\\vendor\\laravel\\framework\\src\\Illuminate\\Console\\Application.php(94): Symfony\\Component\\Console\\Application->run(Object(Symfony\\Component\\Console\\Input\\ArgvInput), Object(Symfony\\Component\\Console\\Output\\ConsoleOutput))
#4 C:\\Users\\UY\\works\\_php_projects\\numerology\\vendor\\laravel\\framework\\src\\Illuminate\\Foundation\\Console\\Kernel.php(129): Illuminate\\Console\\Application->run(Object(Symfony\\Component\\Console\\Input\\ArgvInput), Object(Symfony\\Component\\Console\\Output\\ConsoleOutput))
#5 C:\\Users\\UY\\works\\_php_projects\\numerology\\artisan(35): Illuminate\\Foundation\\Console\\Kernel->handle(Object(Symfony\\Component\\Console\\Input\\ArgvInput), Object(Symfony\\Component\\Console\\Output\\ConsoleOutput))
#6 {main}
"} 
[2024-09-27 08:32:00] local.ERROR: There are no commands defined in the "ide-helper" namespace. {"exception":"[object] (Symfony\\Component\\Console\\Exception\\NamespaceNotFoundException(code: 0): There are no commands defined in the \"ide-helper\" namespace. at C:\\Users\\UY\\works\\_php_projects\\numerology\\vendor\\symfony\\console\\Application.php:650)
[stacktrace]
#0 C:\\Users\\UY\\works\\_php_projects\\numerology\\vendor\\symfony\\console\\Application.php(701): Symfony\\Component\\Console\\Application->findNamespace('ide-helper')
#1 C:\\Users\\UY\\works\\_php_projects\\numerology\\vendor\\symfony\\console\\Application.php(259): Symfony\\Component\\Console\\Application->find('ide-helper:gene...')
#2 C:\\Users\\UY\\works\\_php_projects\\numerology\\vendor\\symfony\\console\\Application.php(171): Symfony\\Component\\Console\\Application->doRun(Object(Symfony\\Component\\Console\\Input\\ArgvInput), Object(Symfony\\Component\\Console\\Output\\ConsoleOutput))
#3 C:\\Users\\UY\\works\\_php_projects\\numerology\\vendor\\laravel\\framework\\src\\Illuminate\\Console\\Application.php(94): Symfony\\Component\\Console\\Application->run(Object(Symfony\\Component\\Console\\Input\\ArgvInput), Object(Symfony\\Component\\Console\\Output\\ConsoleOutput))
#4 C:\\Users\\UY\\works\\_php_projects\\numerology\\vendor\\laravel\\framework\\src\\Illuminate\\Foundation\\Console\\Kernel.php(129): Illuminate\\Console\\Application->run(Object(Symfony\\Component\\Console\\Input\\ArgvInput), Object(Symfony\\Component\\Console\\Output\\ConsoleOutput))
#5 C:\\Users\\UY\\works\\_php_projects\\numerology\\artisan(35): Illuminate\\Foundation\\Console\\Kernel->handle(Object(Symfony\\Component\\Console\\Input\\ArgvInput), Object(Symfony\\Component\\Console\\Output\\ConsoleOutput))
#6 {main}
"} 
[2024-09-27 08:32:02] local.ERROR: There are no commands defined in the "ide-helper" namespace. {"exception":"[object] (Symfony\\Component\\Console\\Exception\\NamespaceNotFoundException(code: 0): There are no commands defined in the \"ide-helper\" namespace. at C:\\Users\\UY\\works\\_php_projects\\numerology\\vendor\\symfony\\console\\Application.php:650)
[stacktrace]
#0 C:\\Users\\UY\\works\\_php_projects\\numerology\\vendor\\symfony\\console\\Application.php(701): Symfony\\Component\\Console\\Application->findNamespace('ide-helper')
#1 C:\\Users\\UY\\works\\_php_projects\\numerology\\vendor\\symfony\\console\\Application.php(259): Symfony\\Component\\Console\\Application->find('ide-helper:gene...')
#2 C:\\Users\\UY\\works\\_php_projects\\numerology\\vendor\\symfony\\console\\Application.php(171): Symfony\\Component\\Console\\Application->doRun(Object(Symfony\\Component\\Console\\Input\\ArgvInput), Object(Symfony\\Component\\Console\\Output\\ConsoleOutput))
#3 C:\\Users\\UY\\works\\_php_projects\\numerology\\vendor\\laravel\\framework\\src\\Illuminate\\Console\\Application.php(94): Symfony\\Component\\Console\\Application->run(Object(Symfony\\Component\\Console\\Input\\ArgvInput), Object(Symfony\\Component\\Console\\Output\\ConsoleOutput))
#4 C:\\Users\\UY\\works\\_php_projects\\numerology\\vendor\\laravel\\framework\\src\\Illuminate\\Foundation\\Console\\Kernel.php(129): Illuminate\\Console\\Application->run(Object(Symfony\\Component\\Console\\Input\\ArgvInput), Object(Symfony\\Component\\Console\\Output\\ConsoleOutput))
#5 C:\\Users\\UY\\works\\_php_projects\\numerology\\artisan(35): Illuminate\\Foundation\\Console\\Kernel->handle(Object(Symfony\\Component\\Console\\Input\\ArgvInput), Object(Symfony\\Component\\Console\\Output\\ConsoleOutput))
#6 {main}
"} 
[2024-09-27 08:32:04] local.ERROR: count(): Argument #1 ($value) must be of type Countable|array, null given (View: C:\Users\UY\works\_php_projects\numerology\resources\views\admin\buy-me-coffee.blade.php) {"view":{"view":"C:\\Users\\UY\\works\\_php_projects\\numerology\\resources\\views/admin/buy-me-coffee.blade.php","data":{"errors":"<pre class=sf-dump id=sf-dump-1170459924 data-indent-pad=\"  \"><span class=sf-dump-note>Illuminate\\Support\\ViewErrorBag</span> {<a class=sf-dump-ref>#1401</a><samp data-depth=1 class=sf-dump-expanded>
  #<span class=sf-dump-protected title=\"Protected property\">bags</span>: []
</samp>}
</pre><script>Sfdump(\"sf-dump-1170459924\", {\"maxDepth\":3,\"maxStringLength\":160})</script>
","header":"<pre class=sf-dump id=sf-dump-172301356 data-indent-pad=\"  \">\"<span class=sf-dump-str title=\"13 characters\">Buy Me Coffee</span>\"
</pre><script>Sfdump(\"sf-dump-172301356\", {\"maxDepth\":3,\"maxStringLength\":160})</script>
","description":"<pre class=sf-dump id=sf-dump-2127222990 data-indent-pad=\"  \">\"<span class=sf-dump-str> </span>\"
</pre><script>Sfdump(\"sf-dump-2127222990\", {\"maxDepth\":3,\"maxStringLength\":160})</script>
","breadcrumb":"<pre class=sf-dump id=sf-dump-1283358151 data-indent-pad=\"  \">[]
</pre><script>Sfdump(\"sf-dump-1283358151\", {\"maxDepth\":3,\"maxStringLength\":160})</script>
","_content_":"<pre class=sf-dump id=sf-dump-1087014929 data-indent-pad=\"  \">\"\"
</pre><script>Sfdump(\"sf-dump-1087014929\", {\"maxDepth\":3,\"maxStringLength\":160})</script>
","_view_":"<pre class=sf-dump id=sf-dump-145795252 data-indent-pad=\"  \"><span class=sf-dump-note>array:2</span> [<samp data-depth=1 class=sf-dump-expanded>
  \"<span class=sf-dump-key>view</span>\" => \"<span class=sf-dump-str title=\"19 characters\">admin.buy-me-coffee</span>\"
  \"<span class=sf-dump-key>data</span>\" => []
</samp>]
</pre><script>Sfdump(\"sf-dump-145795252\", {\"maxDepth\":3,\"maxStringLength\":160})</script>
","_user_":"<pre class=sf-dump id=sf-dump-653623695 data-indent-pad=\"  \"><span class=sf-dump-note>array:4</span> [<samp data-depth=1 class=sf-dump-expanded>
  \"<span class=sf-dump-key>id</span>\" => <span class=sf-dump-num>1</span>
  \"<span class=sf-dump-key>username</span>\" => \"<span class=sf-dump-str title=\"5 characters\">admin</span>\"
  \"<span class=sf-dump-key>name</span>\" => \"<span class=sf-dump-str title=\"13 characters\">Administrator</span>\"
  \"<span class=sf-dump-key>avatar</span>\" => \"<span class=sf-dump-str title=\"79 characters\">http://amunselect.test/vendor/laravel-admin/AdminLTE/dist/img/user2-160x160.jpg</span>\"
</samp>]
</pre><script>Sfdump(\"sf-dump-653623695\", {\"maxDepth\":3,\"maxStringLength\":160})</script>
"}},"userId":1,"exception":"[object] (Facade\\Ignition\\Exceptions\\ViewException(code: 0): count(): Argument #1 ($value) must be of type Countable|array, null given (View: C:\\Users\\UY\\works\\_php_projects\\numerology\\resources\\views\\admin\\buy-me-coffee.blade.php) at C:\\Users\\UY\\works\\_php_projects\\numerology\\resources\\views/admin/buy-me-coffee.blade.php:52)
[stacktrace]
#0 C:\\Users\\UY\\works\\_php_projects\\numerology\\vendor\\laravel\\framework\\src\\Illuminate\\Filesystem\\Filesystem.php(107): require()
#1 C:\\Users\\UY\\works\\_php_projects\\numerology\\vendor\\laravel\\framework\\src\\Illuminate\\Filesystem\\Filesystem.php(108): Illuminate\\Filesystem\\Filesystem::Illuminate\\Filesystem\\{closure}()
#2 C:\\Users\\UY\\works\\_php_projects\\numerology\\vendor\\laravel\\framework\\src\\Illuminate\\View\\Engines\\PhpEngine.php(58): Illuminate\\Filesystem\\Filesystem->getRequire('C:\\\\Users\\\\UY\\\\wor...', Array)
#3 C:\\Users\\UY\\works\\_php_projects\\numerology\\vendor\\laravel\\framework\\src\\Illuminate\\View\\Engines\\CompilerEngine.php(61): Illuminate\\View\\Engines\\PhpEngine->evaluatePath('C:\\\\Users\\\\UY\\\\wor...', Array)
#4 C:\\Users\\UY\\works\\_php_projects\\numerology\\vendor\\facade\\ignition\\src\\Views\\Engines\\CompilerEngine.php(37): Illuminate\\View\\Engines\\CompilerEngine->get('C:\\\\Users\\\\UY\\\\wor...', Array)
#5 C:\\Users\\UY\\works\\_php_projects\\numerology\\vendor\\laravel\\framework\\src\\Illuminate\\View\\View.php(139): Facade\\Ignition\\Views\\Engines\\CompilerEngine->get('C:\\\\Users\\\\UY\\\\wor...', Array)
#6 C:\\Users\\UY\\works\\_php_projects\\numerology\\vendor\\laravel\\framework\\src\\Illuminate\\View\\View.php(122): Illuminate\\View\\View->getContents()
#7 C:\\Users\\UY\\works\\_php_projects\\numerology\\vendor\\laravel\\framework\\src\\Illuminate\\View\\View.php(91): Illuminate\\View\\View->renderContents()
#8 C:\\Users\\UY\\works\\_php_projects\\numerology\\vendor\\encore\\laravel-admin\\src/../resources/views/content.blade.php(63): Illuminate\\View\\View->render()
#9 C:\\Users\\UY\\works\\_php_projects\\numerology\\vendor\\laravel\\framework\\src\\Illuminate\\Filesystem\\Filesystem.php(107): require('C:\\\\Users\\\\UY\\\\wor...')
#10 C:\\Users\\UY\\works\\_php_projects\\numerology\\vendor\\laravel\\framework\\src\\Illuminate\\Filesystem\\Filesystem.php(108): Illuminate\\Filesystem\\Filesystem::Illuminate\\Filesystem\\{closure}()
#11 C:\\Users\\UY\\works\\_php_projects\\numerology\\vendor\\laravel\\framework\\src\\Illuminate\\View\\Engines\\PhpEngine.php(58): Illuminate\\Filesystem\\Filesystem->getRequire('C:\\\\Users\\\\UY\\\\wor...', Array)
#12 C:\\Users\\UY\\works\\_php_projects\\numerology\\vendor\\laravel\\framework\\src\\Illuminate\\View\\Engines\\CompilerEngine.php(61): Illuminate\\View\\Engines\\PhpEngine->evaluatePath('C:\\\\Users\\\\UY\\\\wor...', Array)
#13 C:\\Users\\UY\\works\\_php_projects\\numerology\\vendor\\facade\\ignition\\src\\Views\\Engines\\CompilerEngine.php(37): Illuminate\\View\\Engines\\CompilerEngine->get('C:\\\\Users\\\\UY\\\\wor...', Array)
#14 C:\\Users\\UY\\works\\_php_projects\\numerology\\vendor\\laravel\\framework\\src\\Illuminate\\View\\View.php(139): Facade\\Ignition\\Views\\Engines\\CompilerEngine->get('C:\\\\Users\\\\UY\\\\wor...', Array)
#15 C:\\Users\\UY\\works\\_php_projects\\numerology\\vendor\\laravel\\framework\\src\\Illuminate\\View\\View.php(122): Illuminate\\View\\View->getContents()
#16 C:\\Users\\UY\\works\\_php_projects\\numerology\\vendor\\laravel\\framework\\src\\Illuminate\\View\\View.php(91): Illuminate\\View\\View->renderContents()
#17 C:\\Users\\UY\\works\\_php_projects\\numerology\\vendor\\encore\\laravel-admin\\src\\Layout\\Content.php(313): Illuminate\\View\\View->render()
#18 C:\\Users\\UY\\works\\_php_projects\\numerology\\vendor\\laravel\\framework\\src\\Illuminate\\Http\\Response.php(69): Encore\\Admin\\Layout\\Content->render()
#19 C:\\Users\\UY\\works\\_php_projects\\numerology\\vendor\\laravel\\framework\\src\\Illuminate\\Http\\Response.php(35): Illuminate\\Http\\Response->setContent(Object(Encore\\Admin\\Layout\\Content))
#20 C:\\Users\\UY\\works\\_php_projects\\numerology\\vendor\\laravel\\framework\\src\\Illuminate\\Routing\\Router.php(820): Illuminate\\Http\\Response->__construct(Object(Encore\\Admin\\Layout\\Content), 200, Array)
#21 C:\\Users\\UY\\works\\_php_projects\\numerology\\vendor\\laravel\\framework\\src\\Illuminate\\Routing\\Router.php(789): Illuminate\\Routing\\Router::toResponse(Object(Illuminate\\Http\\Request), Object(Encore\\Admin\\Layout\\Content))
#22 C:\\Users\\UY\\works\\_php_projects\\numerology\\vendor\\laravel\\framework\\src\\Illuminate\\Routing\\Router.php(720): Illuminate\\Routing\\Router->prepareResponse(Object(Illuminate\\Http\\Request), Object(Encore\\Admin\\Layout\\Content))
#23 C:\\Users\\UY\\works\\_php_projects\\numerology\\vendor\\laravel\\framework\\src\\Illuminate\\Pipeline\\Pipeline.php(128): Illuminate\\Routing\\Router->Illuminate\\Routing\\{closure}(Object(Illuminate\\Http\\Request))
#24 C:\\Users\\UY\\works\\_php_projects\\numerology\\vendor\\encore\\laravel-admin\\src\\Middleware\\Permission.php(46): Illuminate\\Pipeline\\Pipeline->Illuminate\\Pipeline\\{closure}(Object(Illuminate\\Http\\Request))
#25 C:\\Users\\UY\\works\\_php_projects\\numerology\\vendor\\laravel\\framework\\src\\Illuminate\\Pipeline\\Pipeline.php(167): Encore\\Admin\\Middleware\\Permission->handle(Object(Illuminate\\Http\\Request), Object(Closure))
#26 C:\\Users\\UY\\works\\_php_projects\\numerology\\vendor\\encore\\laravel-admin\\src\\Middleware\\Bootstrap.php(15): Illuminate\\Pipeline\\Pipeline->Illuminate\\Pipeline\\{closure}(Object(Illuminate\\Http\\Request))
#27 C:\\Users\\UY\\works\\_php_projects\\numerology\\vendor\\laravel\\framework\\src\\Illuminate\\Pipeline\\Pipeline.php(167): Encore\\Admin\\Middleware\\Bootstrap->handle(Object(Illuminate\\Http\\Request), Object(Closure))
#28 C:\\Users\\UY\\works\\_php_projects\\numerology\\vendor\\encore\\laravel-admin\\src\\Middleware\\LogOperation.php(38): Illuminate\\Pipeline\\Pipeline->Illuminate\\Pipeline\\{closure}(Object(Illuminate\\Http\\Request))
#29 C:\\Users\\UY\\works\\_php_projects\\numerology\\vendor\\laravel\\framework\\src\\Illuminate\\Pipeline\\Pipeline.php(167): Encore\\Admin\\Middleware\\LogOperation->handle(Object(Illuminate\\Http\\Request), Object(Closure))
#30 C:\\Users\\UY\\works\\_php_projects\\numerology\\vendor\\encore\\laravel-admin\\src\\Middleware\\Pjax.php(24): Illuminate\\Pipeline\\Pipeline->Illuminate\\Pipeline\\{closure}(Object(Illuminate\\Http\\Request))
#31 C:\\Users\\UY\\works\\_php_projects\\numerology\\vendor\\laravel\\framework\\src\\Illuminate\\Pipeline\\Pipeline.php(167): Encore\\Admin\\Middleware\\Pjax->handle(Object(Illuminate\\Http\\Request), Object(Closure))
#32 C:\\Users\\UY\\works\\_php_projects\\numerology\\vendor\\encore\\laravel-admin\\src\\Middleware\\Authenticate.php(28): Illuminate\\Pipeline\\Pipeline->Illuminate\\Pipeline\\{closure}(Object(Illuminate\\Http\\Request))
#33 C:\\Users\\UY\\works\\_php_projects\\numerology\\vendor\\laravel\\framework\\src\\Illuminate\\Pipeline\\Pipeline.php(167): Encore\\Admin\\Middleware\\Authenticate->handle(Object(Illuminate\\Http\\Request), Object(Closure))
#34 C:\\Users\\UY\\works\\_php_projects\\numerology\\vendor\\laravel\\framework\\src\\Illuminate\\Routing\\Middleware\\SubstituteBindings.php(50): Illuminate\\Pipeline\\Pipeline->Illuminate\\Pipeline\\{closure}(Object(Illuminate\\Http\\Request))
#35 C:\\Users\\UY\\works\\_php_projects\\numerology\\vendor\\laravel\\framework\\src\\Illuminate\\Pipeline\\Pipeline.php(167): Illuminate\\Routing\\Middleware\\SubstituteBindings->handle(Object(Illuminate\\Http\\Request), Object(Closure))
#36 C:\\Users\\UY\\works\\_php_projects\\numerology\\vendor\\laravel\\framework\\src\\Illuminate\\Foundation\\Http\\Middleware\\VerifyCsrfToken.php(78): Illuminate\\Pipeline\\Pipeline->Illuminate\\Pipeline\\{closure}(Object(Illuminate\\Http\\Request))
#37 C:\\Users\\UY\\works\\_php_projects\\numerology\\vendor\\laravel\\framework\\src\\Illuminate\\Pipeline\\Pipeline.php(167): Illuminate\\Foundation\\Http\\Middleware\\VerifyCsrfToken->handle(Object(Illuminate\\Http\\Request), Object(Closure))
#38 C:\\Users\\UY\\works\\_php_projects\\numerology\\vendor\\laravel\\framework\\src\\Illuminate\\View\\Middleware\\ShareErrorsFromSession.php(49): Illuminate\\Pipeline\\Pipeline->Illuminate\\Pipeline\\{closure}(Object(Illuminate\\Http\\Request))
#39 C:\\Users\\UY\\works\\_php_projects\\numerology\\vendor\\laravel\\framework\\src\\Illuminate\\Pipeline\\Pipeline.php(167): Illuminate\\View\\Middleware\\ShareErrorsFromSession->handle(Object(Illuminate\\Http\\Request), Object(Closure))
#40 C:\\Users\\UY\\works\\_php_projects\\numerology\\vendor\\laravel\\framework\\src\\Illuminate\\Session\\Middleware\\StartSession.php(121): Illuminate\\Pipeline\\Pipeline->Illuminate\\Pipeline\\{closure}(Object(Illuminate\\Http\\Request))
#41 C:\\Users\\UY\\works\\_php_projects\\numerology\\vendor\\laravel\\framework\\src\\Illuminate\\Session\\Middleware\\StartSession.php(64): Illuminate\\Session\\Middleware\\StartSession->handleStatefulRequest(Object(Illuminate\\Http\\Request), Object(Illuminate\\Session\\Store), Object(Closure))
#42 C:\\Users\\UY\\works\\_php_projects\\numerology\\vendor\\laravel\\framework\\src\\Illuminate\\Pipeline\\Pipeline.php(167): Illuminate\\Session\\Middleware\\StartSession->handle(Object(Illuminate\\Http\\Request), Object(Closure))
#43 C:\\Users\\UY\\works\\_php_projects\\numerology\\vendor\\laravel\\framework\\src\\Illuminate\\Cookie\\Middleware\\AddQueuedCookiesToResponse.php(37): Illuminate\\Pipeline\\Pipeline->Illuminate\\Pipeline\\{closure}(Object(Illuminate\\Http\\Request))
#44 C:\\Users\\UY\\works\\_php_projects\\numerology\\vendor\\laravel\\framework\\src\\Illuminate\\Pipeline\\Pipeline.php(167): Illuminate\\Cookie\\Middleware\\AddQueuedCookiesToResponse->handle(Object(Illuminate\\Http\\Request), Object(Closure))
#45 C:\\Users\\UY\\works\\_php_projects\\numerology\\vendor\\laravel\\framework\\src\\Illuminate\\Cookie\\Middleware\\EncryptCookies.php(67): Illuminate\\Pipeline\\Pipeline->Illuminate\\Pipeline\\{closure}(Object(Illuminate\\Http\\Request))
#46 C:\\Users\\UY\\works\\_php_projects\\numerology\\vendor\\laravel\\framework\\src\\Illuminate\\Pipeline\\Pipeline.php(167): Illuminate\\Cookie\\Middleware\\EncryptCookies->handle(Object(Illuminate\\Http\\Request), Object(Closure))
#47 C:\\Users\\UY\\works\\_php_projects\\numerology\\vendor\\laravel\\framework\\src\\Illuminate\\Pipeline\\Pipeline.php(103): Illuminate\\Pipeline\\Pipeline->Illuminate\\Pipeline\\{closure}(Object(Illuminate\\Http\\Request))
#48 C:\\Users\\UY\\works\\_php_projects\\numerology\\vendor\\laravel\\framework\\src\\Illuminate\\Routing\\Router.php(719): Illuminate\\Pipeline\\Pipeline->then(Object(Closure))
#49 C:\\Users\\UY\\works\\_php_projects\\numerology\\vendor\\laravel\\framework\\src\\Illuminate\\Routing\\Router.php(698): Illuminate\\Routing\\Router->runRouteWithinStack(Object(Illuminate\\Routing\\Route), Object(Illuminate\\Http\\Request))
#50 C:\\Users\\UY\\works\\_php_projects\\numerology\\vendor\\laravel\\framework\\src\\Illuminate\\Routing\\Router.php(662): Illuminate\\Routing\\Router->runRoute(Object(Illuminate\\Http\\Request), Object(Illuminate\\Routing\\Route))
#51 C:\\Users\\UY\\works\\_php_projects\\numerology\\vendor\\laravel\\framework\\src\\Illuminate\\Routing\\Router.php(651): Illuminate\\Routing\\Router->dispatchToRoute(Object(Illuminate\\Http\\Request))
#52 C:\\Users\\UY\\works\\_php_projects\\numerology\\vendor\\laravel\\framework\\src\\Illuminate\\Foundation\\Http\\Kernel.php(167): Illuminate\\Routing\\Router->dispatch(Object(Illuminate\\Http\\Request))
#53 C:\\Users\\UY\\works\\_php_projects\\numerology\\vendor\\laravel\\framework\\src\\Illuminate\\Pipeline\\Pipeline.php(128): Illuminate\\Foundation\\Http\\Kernel->Illuminate\\Foundation\\Http\\{closure}(Object(Illuminate\\Http\\Request))
#54 C:\\Users\\UY\\works\\_php_projects\\numerology\\vendor\\laravel\\framework\\src\\Illuminate\\Foundation\\Http\\Middleware\\TransformsRequest.php(21): Illuminate\\Pipeline\\Pipeline->Illuminate\\Pipeline\\{closure}(Object(Illuminate\\Http\\Request))
#55 C:\\Users\\UY\\works\\_php_projects\\numerology\\vendor\\laravel\\framework\\src\\Illuminate\\Foundation\\Http\\Middleware\\ConvertEmptyStringsToNull.php(31): Illuminate\\Foundation\\Http\\Middleware\\TransformsRequest->handle(Object(Illuminate\\Http\\Request), Object(Closure))
#56 C:\\Users\\UY\\works\\_php_projects\\numerology\\vendor\\laravel\\framework\\src\\Illuminate\\Pipeline\\Pipeline.php(167): Illuminate\\Foundation\\Http\\Middleware\\ConvertEmptyStringsToNull->handle(Object(Illuminate\\Http\\Request), Object(Closure))
#57 C:\\Users\\UY\\works\\_php_projects\\numerology\\vendor\\laravel\\framework\\src\\Illuminate\\Foundation\\Http\\Middleware\\TransformsRequest.php(21): Illuminate\\Pipeline\\Pipeline->Illuminate\\Pipeline\\{closure}(Object(Illuminate\\Http\\Request))
#58 C:\\Users\\UY\\works\\_php_projects\\numerology\\vendor\\laravel\\framework\\src\\Illuminate\\Foundation\\Http\\Middleware\\TrimStrings.php(40): Illuminate\\Foundation\\Http\\Middleware\\TransformsRequest->handle(Object(Illuminate\\Http\\Request), Object(Closure))
#59 C:\\Users\\UY\\works\\_php_projects\\numerology\\vendor\\laravel\\framework\\src\\Illuminate\\Pipeline\\Pipeline.php(167): Illuminate\\Foundation\\Http\\Middleware\\TrimStrings->handle(Object(Illuminate\\Http\\Request), Object(Closure))
#60 C:\\Users\\UY\\works\\_php_projects\\numerology\\vendor\\laravel\\framework\\src\\Illuminate\\Foundation\\Http\\Middleware\\ValidatePostSize.php(27): Illuminate\\Pipeline\\Pipeline->Illuminate\\Pipeline\\{closure}(Object(Illuminate\\Http\\Request))
#61 C:\\Users\\UY\\works\\_php_projects\\numerology\\vendor\\laravel\\framework\\src\\Illuminate\\Pipeline\\Pipeline.php(167): Illuminate\\Foundation\\Http\\Middleware\\ValidatePostSize->handle(Object(Illuminate\\Http\\Request), Object(Closure))
#62 C:\\Users\\UY\\works\\_php_projects\\numerology\\vendor\\laravel\\framework\\src\\Illuminate\\Foundation\\Http\\Middleware\\PreventRequestsDuringMaintenance.php(86): Illuminate\\Pipeline\\Pipeline->Illuminate\\Pipeline\\{closure}(Object(Illuminate\\Http\\Request))
#63 C:\\Users\\UY\\works\\_php_projects\\numerology\\vendor\\laravel\\framework\\src\\Illuminate\\Pipeline\\Pipeline.php(167): Illuminate\\Foundation\\Http\\Middleware\\PreventRequestsDuringMaintenance->handle(Object(Illuminate\\Http\\Request), Object(Closure))
#64 C:\\Users\\UY\\works\\_php_projects\\numerology\\vendor\\fruitcake\\laravel-cors\\src\\HandleCors.php(38): Illuminate\\Pipeline\\Pipeline->Illuminate\\Pipeline\\{closure}(Object(Illuminate\\Http\\Request))
#65 C:\\Users\\UY\\works\\_php_projects\\numerology\\vendor\\laravel\\framework\\src\\Illuminate\\Pipeline\\Pipeline.php(167): Fruitcake\\Cors\\HandleCors->handle(Object(Illuminate\\Http\\Request), Object(Closure))
#66 C:\\Users\\UY\\works\\_php_projects\\numerology\\vendor\\fideloper\\proxy\\src\\TrustProxies.php(57): Illuminate\\Pipeline\\Pipeline->Illuminate\\Pipeline\\{closure}(Object(Illuminate\\Http\\Request))
#67 C:\\Users\\UY\\works\\_php_projects\\numerology\\vendor\\laravel\\framework\\src\\Illuminate\\Pipeline\\Pipeline.php(167): Fideloper\\Proxy\\TrustProxies->handle(Object(Illuminate\\Http\\Request), Object(Closure))
#68 C:\\Users\\UY\\works\\_php_projects\\numerology\\vendor\\laravel\\framework\\src\\Illuminate\\Pipeline\\Pipeline.php(103): Illuminate\\Pipeline\\Pipeline->Illuminate\\Pipeline\\{closure}(Object(Illuminate\\Http\\Request))
#69 C:\\Users\\UY\\works\\_php_projects\\numerology\\vendor\\laravel\\framework\\src\\Illuminate\\Foundation\\Http\\Kernel.php(142): Illuminate\\Pipeline\\Pipeline->then(Object(Closure))
#70 C:\\Users\\UY\\works\\_php_projects\\numerology\\vendor\\laravel\\framework\\src\\Illuminate\\Foundation\\Http\\Kernel.php(111): Illuminate\\Foundation\\Http\\Kernel->sendRequestThroughRouter(Object(Illuminate\\Http\\Request))
#71 C:\\Users\\UY\\works\\_php_projects\\numerology\\public\\index.php(54): Illuminate\\Foundation\\Http\\Kernel->handle(Object(Illuminate\\Http\\Request))
#72 {main}

[previous exception] [object] (TypeError(code: 0): count(): Argument #1 ($value) must be of type Countable|array, null given at C:\\Users\\UY\\works\\_php_projects\\numerology\\storage\\framework\\views\\f92bba873064c87189e608bcb8f50f4cdff1b304.php:52)
[stacktrace]
#0 C:\\Users\\UY\\works\\_php_projects\\numerology\\vendor\\laravel\\framework\\src\\Illuminate\\Filesystem\\Filesystem.php(107): require()
#1 C:\\Users\\UY\\works\\_php_projects\\numerology\\vendor\\laravel\\framework\\src\\Illuminate\\Filesystem\\Filesystem.php(108): Illuminate\\Filesystem\\Filesystem::Illuminate\\Filesystem\\{closure}()
#2 C:\\Users\\UY\\works\\_php_projects\\numerology\\vendor\\laravel\\framework\\src\\Illuminate\\View\\Engines\\PhpEngine.php(58): Illuminate\\Filesystem\\Filesystem->getRequire('C:\\\\Users\\\\UY\\\\wor...', Array)
#3 C:\\Users\\UY\\works\\_php_projects\\numerology\\vendor\\laravel\\framework\\src\\Illuminate\\View\\Engines\\CompilerEngine.php(61): Illuminate\\View\\Engines\\PhpEngine->evaluatePath('C:\\\\Users\\\\UY\\\\wor...', Array)
#4 C:\\Users\\UY\\works\\_php_projects\\numerology\\vendor\\facade\\ignition\\src\\Views\\Engines\\CompilerEngine.php(37): Illuminate\\View\\Engines\\CompilerEngine->get('C:\\\\Users\\\\UY\\\\wor...', Array)
#5 C:\\Users\\UY\\works\\_php_projects\\numerology\\vendor\\laravel\\framework\\src\\Illuminate\\View\\View.php(139): Facade\\Ignition\\Views\\Engines\\CompilerEngine->get('C:\\\\Users\\\\UY\\\\wor...', Array)
#6 C:\\Users\\UY\\works\\_php_projects\\numerology\\vendor\\laravel\\framework\\src\\Illuminate\\View\\View.php(122): Illuminate\\View\\View->getContents()
#7 C:\\Users\\UY\\works\\_php_projects\\numerology\\vendor\\laravel\\framework\\src\\Illuminate\\View\\View.php(91): Illuminate\\View\\View->renderContents()
#8 C:\\Users\\UY\\works\\_php_projects\\numerology\\storage\\framework\\views\\92d21cefedef17b20c8b44a67ca2a9aa9d29b88b.php(66): Illuminate\\View\\View->render()
#9 C:\\Users\\UY\\works\\_php_projects\\numerology\\vendor\\laravel\\framework\\src\\Illuminate\\Filesystem\\Filesystem.php(107): require('C:\\\\Users\\\\UY\\\\wor...')
#10 C:\\Users\\UY\\works\\_php_projects\\numerology\\vendor\\laravel\\framework\\src\\Illuminate\\Filesystem\\Filesystem.php(108): Illuminate\\Filesystem\\Filesystem::Illuminate\\Filesystem\\{closure}()
#11 C:\\Users\\UY\\works\\_php_projects\\numerology\\vendor\\laravel\\framework\\src\\Illuminate\\View\\Engines\\PhpEngine.php(58): Illuminate\\Filesystem\\Filesystem->getRequire('C:\\\\Users\\\\UY\\\\wor...', Array)
#12 C:\\Users\\UY\\works\\_php_projects\\numerology\\vendor\\laravel\\framework\\src\\Illuminate\\View\\Engines\\CompilerEngine.php(61): Illuminate\\View\\Engines\\PhpEngine->evaluatePath('C:\\\\Users\\\\UY\\\\wor...', Array)
#13 C:\\Users\\UY\\works\\_php_projects\\numerology\\vendor\\facade\\ignition\\src\\Views\\Engines\\CompilerEngine.php(37): Illuminate\\View\\Engines\\CompilerEngine->get('C:\\\\Users\\\\UY\\\\wor...', Array)
#14 C:\\Users\\UY\\works\\_php_projects\\numerology\\vendor\\laravel\\framework\\src\\Illuminate\\View\\View.php(139): Facade\\Ignition\\Views\\Engines\\CompilerEngine->get('C:\\\\Users\\\\UY\\\\wor...', Array)
#15 C:\\Users\\UY\\works\\_php_projects\\numerology\\vendor\\laravel\\framework\\src\\Illuminate\\View\\View.php(122): Illuminate\\View\\View->getContents()
#16 C:\\Users\\UY\\works\\_php_projects\\numerology\\vendor\\laravel\\framework\\src\\Illuminate\\View\\View.php(91): Illuminate\\View\\View->renderContents()
#17 C:\\Users\\UY\\works\\_php_projects\\numerology\\vendor\\encore\\laravel-admin\\src\\Layout\\Content.php(313): Illuminate\\View\\View->render()
#18 C:\\Users\\UY\\works\\_php_projects\\numerology\\vendor\\laravel\\framework\\src\\Illuminate\\Http\\Response.php(69): Encore\\Admin\\Layout\\Content->render()
#19 C:\\Users\\UY\\works\\_php_projects\\numerology\\vendor\\laravel\\framework\\src\\Illuminate\\Http\\Response.php(35): Illuminate\\Http\\Response->setContent(Object(Encore\\Admin\\Layout\\Content))
#20 C:\\Users\\UY\\works\\_php_projects\\numerology\\vendor\\laravel\\framework\\src\\Illuminate\\Routing\\Router.php(820): Illuminate\\Http\\Response->__construct(Object(Encore\\Admin\\Layout\\Content), 200, Array)
#21 C:\\Users\\UY\\works\\_php_projects\\numerology\\vendor\\laravel\\framework\\src\\Illuminate\\Routing\\Router.php(789): Illuminate\\Routing\\Router::toResponse(Object(Illuminate\\Http\\Request), Object(Encore\\Admin\\Layout\\Content))
#22 C:\\Users\\UY\\works\\_php_projects\\numerology\\vendor\\laravel\\framework\\src\\Illuminate\\Routing\\Router.php(720): Illuminate\\Routing\\Router->prepareResponse(Object(Illuminate\\Http\\Request), Object(Encore\\Admin\\Layout\\Content))
#23 C:\\Users\\UY\\works\\_php_projects\\numerology\\vendor\\laravel\\framework\\src\\Illuminate\\Pipeline\\Pipeline.php(128): Illuminate\\Routing\\Router->Illuminate\\Routing\\{closure}(Object(Illuminate\\Http\\Request))
#24 C:\\Users\\UY\\works\\_php_projects\\numerology\\vendor\\encore\\laravel-admin\\src\\Middleware\\Permission.php(46): Illuminate\\Pipeline\\Pipeline->Illuminate\\Pipeline\\{closure}(Object(Illuminate\\Http\\Request))
#25 C:\\Users\\UY\\works\\_php_projects\\numerology\\vendor\\laravel\\framework\\src\\Illuminate\\Pipeline\\Pipeline.php(167): Encore\\Admin\\Middleware\\Permission->handle(Object(Illuminate\\Http\\Request), Object(Closure))
#26 C:\\Users\\UY\\works\\_php_projects\\numerology\\vendor\\encore\\laravel-admin\\src\\Middleware\\Bootstrap.php(15): Illuminate\\Pipeline\\Pipeline->Illuminate\\Pipeline\\{closure}(Object(Illuminate\\Http\\Request))
#27 C:\\Users\\UY\\works\\_php_projects\\numerology\\vendor\\laravel\\framework\\src\\Illuminate\\Pipeline\\Pipeline.php(167): Encore\\Admin\\Middleware\\Bootstrap->handle(Object(Illuminate\\Http\\Request), Object(Closure))
#28 C:\\Users\\UY\\works\\_php_projects\\numerology\\vendor\\encore\\laravel-admin\\src\\Middleware\\LogOperation.php(38): Illuminate\\Pipeline\\Pipeline->Illuminate\\Pipeline\\{closure}(Object(Illuminate\\Http\\Request))
#29 C:\\Users\\UY\\works\\_php_projects\\numerology\\vendor\\laravel\\framework\\src\\Illuminate\\Pipeline\\Pipeline.php(167): Encore\\Admin\\Middleware\\LogOperation->handle(Object(Illuminate\\Http\\Request), Object(Closure))
#30 C:\\Users\\UY\\works\\_php_projects\\numerology\\vendor\\encore\\laravel-admin\\src\\Middleware\\Pjax.php(24): Illuminate\\Pipeline\\Pipeline->Illuminate\\Pipeline\\{closure}(Object(Illuminate\\Http\\Request))
#31 C:\\Users\\UY\\works\\_php_projects\\numerology\\vendor\\laravel\\framework\\src\\Illuminate\\Pipeline\\Pipeline.php(167): Encore\\Admin\\Middleware\\Pjax->handle(Object(Illuminate\\Http\\Request), Object(Closure))
#32 C:\\Users\\UY\\works\\_php_projects\\numerology\\vendor\\encore\\laravel-admin\\src\\Middleware\\Authenticate.php(28): Illuminate\\Pipeline\\Pipeline->Illuminate\\Pipeline\\{closure}(Object(Illuminate\\Http\\Request))
#33 C:\\Users\\UY\\works\\_php_projects\\numerology\\vendor\\laravel\\framework\\src\\Illuminate\\Pipeline\\Pipeline.php(167): Encore\\Admin\\Middleware\\Authenticate->handle(Object(Illuminate\\Http\\Request), Object(Closure))
#34 C:\\Users\\UY\\works\\_php_projects\\numerology\\vendor\\laravel\\framework\\src\\Illuminate\\Routing\\Middleware\\SubstituteBindings.php(50): Illuminate\\Pipeline\\Pipeline->Illuminate\\Pipeline\\{closure}(Object(Illuminate\\Http\\Request))
#35 C:\\Users\\UY\\works\\_php_projects\\numerology\\vendor\\laravel\\framework\\src\\Illuminate\\Pipeline\\Pipeline.php(167): Illuminate\\Routing\\Middleware\\SubstituteBindings->handle(Object(Illuminate\\Http\\Request), Object(Closure))
#36 C:\\Users\\UY\\works\\_php_projects\\numerology\\vendor\\laravel\\framework\\src\\Illuminate\\Foundation\\Http\\Middleware\\VerifyCsrfToken.php(78): Illuminate\\Pipeline\\Pipeline->Illuminate\\Pipeline\\{closure}(Object(Illuminate\\Http\\Request))
#37 C:\\Users\\UY\\works\\_php_projects\\numerology\\vendor\\laravel\\framework\\src\\Illuminate\\Pipeline\\Pipeline.php(167): Illuminate\\Foundation\\Http\\Middleware\\VerifyCsrfToken->handle(Object(Illuminate\\Http\\Request), Object(Closure))
#38 C:\\Users\\UY\\works\\_php_projects\\numerology\\vendor\\laravel\\framework\\src\\Illuminate\\View\\Middleware\\ShareErrorsFromSession.php(49): Illuminate\\Pipeline\\Pipeline->Illuminate\\Pipeline\\{closure}(Object(Illuminate\\Http\\Request))
#39 C:\\Users\\UY\\works\\_php_projects\\numerology\\vendor\\laravel\\framework\\src\\Illuminate\\Pipeline\\Pipeline.php(167): Illuminate\\View\\Middleware\\ShareErrorsFromSession->handle(Object(Illuminate\\Http\\Request), Object(Closure))
#40 C:\\Users\\UY\\works\\_php_projects\\numerology\\vendor\\laravel\\framework\\src\\Illuminate\\Session\\Middleware\\StartSession.php(121): Illuminate\\Pipeline\\Pipeline->Illuminate\\Pipeline\\{closure}(Object(Illuminate\\Http\\Request))
#41 C:\\Users\\UY\\works\\_php_projects\\numerology\\vendor\\laravel\\framework\\src\\Illuminate\\Session\\Middleware\\StartSession.php(64): Illuminate\\Session\\Middleware\\StartSession->handleStatefulRequest(Object(Illuminate\\Http\\Request), Object(Illuminate\\Session\\Store), Object(Closure))
#42 C:\\Users\\UY\\works\\_php_projects\\numerology\\vendor\\laravel\\framework\\src\\Illuminate\\Pipeline\\Pipeline.php(167): Illuminate\\Session\\Middleware\\StartSession->handle(Object(Illuminate\\Http\\Request), Object(Closure))
#43 C:\\Users\\UY\\works\\_php_projects\\numerology\\vendor\\laravel\\framework\\src\\Illuminate\\Cookie\\Middleware\\AddQueuedCookiesToResponse.php(37): Illuminate\\Pipeline\\Pipeline->Illuminate\\Pipeline\\{closure}(Object(Illuminate\\Http\\Request))
#44 C:\\Users\\UY\\works\\_php_projects\\numerology\\vendor\\laravel\\framework\\src\\Illuminate\\Pipeline\\Pipeline.php(167): Illuminate\\Cookie\\Middleware\\AddQueuedCookiesToResponse->handle(Object(Illuminate\\Http\\Request), Object(Closure))
#45 C:\\Users\\UY\\works\\_php_projects\\numerology\\vendor\\laravel\\framework\\src\\Illuminate\\Cookie\\Middleware\\EncryptCookies.php(67): Illuminate\\Pipeline\\Pipeline->Illuminate\\Pipeline\\{closure}(Object(Illuminate\\Http\\Request))
#46 C:\\Users\\UY\\works\\_php_projects\\numerology\\vendor\\laravel\\framework\\src\\Illuminate\\Pipeline\\Pipeline.php(167): Illuminate\\Cookie\\Middleware\\EncryptCookies->handle(Object(Illuminate\\Http\\Request), Object(Closure))
#47 C:\\Users\\UY\\works\\_php_projects\\numerology\\vendor\\laravel\\framework\\src\\Illuminate\\Pipeline\\Pipeline.php(103): Illuminate\\Pipeline\\Pipeline->Illuminate\\Pipeline\\{closure}(Object(Illuminate\\Http\\Request))
#48 C:\\Users\\UY\\works\\_php_projects\\numerology\\vendor\\laravel\\framework\\src\\Illuminate\\Routing\\Router.php(719): Illuminate\\Pipeline\\Pipeline->then(Object(Closure))
#49 C:\\Users\\UY\\works\\_php_projects\\numerology\\vendor\\laravel\\framework\\src\\Illuminate\\Routing\\Router.php(698): Illuminate\\Routing\\Router->runRouteWithinStack(Object(Illuminate\\Routing\\Route), Object(Illuminate\\Http\\Request))
#50 C:\\Users\\UY\\works\\_php_projects\\numerology\\vendor\\laravel\\framework\\src\\Illuminate\\Routing\\Router.php(662): Illuminate\\Routing\\Router->runRoute(Object(Illuminate\\Http\\Request), Object(Illuminate\\Routing\\Route))
#51 C:\\Users\\UY\\works\\_php_projects\\numerology\\vendor\\laravel\\framework\\src\\Illuminate\\Routing\\Router.php(651): Illuminate\\Routing\\Router->dispatchToRoute(Object(Illuminate\\Http\\Request))
#52 C:\\Users\\UY\\works\\_php_projects\\numerology\\vendor\\laravel\\framework\\src\\Illuminate\\Foundation\\Http\\Kernel.php(167): Illuminate\\Routing\\Router->dispatch(Object(Illuminate\\Http\\Request))
#53 C:\\Users\\UY\\works\\_php_projects\\numerology\\vendor\\laravel\\framework\\src\\Illuminate\\Pipeline\\Pipeline.php(128): Illuminate\\Foundation\\Http\\Kernel->Illuminate\\Foundation\\Http\\{closure}(Object(Illuminate\\Http\\Request))
#54 C:\\Users\\UY\\works\\_php_projects\\numerology\\vendor\\laravel\\framework\\src\\Illuminate\\Foundation\\Http\\Middleware\\TransformsRequest.php(21): Illuminate\\Pipeline\\Pipeline->Illuminate\\Pipeline\\{closure}(Object(Illuminate\\Http\\Request))
#55 C:\\Users\\UY\\works\\_php_projects\\numerology\\vendor\\laravel\\framework\\src\\Illuminate\\Foundation\\Http\\Middleware\\ConvertEmptyStringsToNull.php(31): Illuminate\\Foundation\\Http\\Middleware\\TransformsRequest->handle(Object(Illuminate\\Http\\Request), Object(Closure))
#56 C:\\Users\\UY\\works\\_php_projects\\numerology\\vendor\\laravel\\framework\\src\\Illuminate\\Pipeline\\Pipeline.php(167): Illuminate\\Foundation\\Http\\Middleware\\ConvertEmptyStringsToNull->handle(Object(Illuminate\\Http\\Request), Object(Closure))
#57 C:\\Users\\UY\\works\\_php_projects\\numerology\\vendor\\laravel\\framework\\src\\Illuminate\\Foundation\\Http\\Middleware\\TransformsRequest.php(21): Illuminate\\Pipeline\\Pipeline->Illuminate\\Pipeline\\{closure}(Object(Illuminate\\Http\\Request))
#58 C:\\Users\\UY\\works\\_php_projects\\numerology\\vendor\\laravel\\framework\\src\\Illuminate\\Foundation\\Http\\Middleware\\TrimStrings.php(40): Illuminate\\Foundation\\Http\\Middleware\\TransformsRequest->handle(Object(Illuminate\\Http\\Request), Object(Closure))
#59 C:\\Users\\UY\\works\\_php_projects\\numerology\\vendor\\laravel\\framework\\src\\Illuminate\\Pipeline\\Pipeline.php(167): Illuminate\\Foundation\\Http\\Middleware\\TrimStrings->handle(Object(Illuminate\\Http\\Request), Object(Closure))
#60 C:\\Users\\UY\\works\\_php_projects\\numerology\\vendor\\laravel\\framework\\src\\Illuminate\\Foundation\\Http\\Middleware\\ValidatePostSize.php(27): Illuminate\\Pipeline\\Pipeline->Illuminate\\Pipeline\\{closure}(Object(Illuminate\\Http\\Request))
#61 C:\\Users\\UY\\works\\_php_projects\\numerology\\vendor\\laravel\\framework\\src\\Illuminate\\Pipeline\\Pipeline.php(167): Illuminate\\Foundation\\Http\\Middleware\\ValidatePostSize->handle(Object(Illuminate\\Http\\Request), Object(Closure))
#62 C:\\Users\\UY\\works\\_php_projects\\numerology\\vendor\\laravel\\framework\\src\\Illuminate\\Foundation\\Http\\Middleware\\PreventRequestsDuringMaintenance.php(86): Illuminate\\Pipeline\\Pipeline->Illuminate\\Pipeline\\{closure}(Object(Illuminate\\Http\\Request))
#63 C:\\Users\\UY\\works\\_php_projects\\numerology\\vendor\\laravel\\framework\\src\\Illuminate\\Pipeline\\Pipeline.php(167): Illuminate\\Foundation\\Http\\Middleware\\PreventRequestsDuringMaintenance->handle(Object(Illuminate\\Http\\Request), Object(Closure))
#64 C:\\Users\\UY\\works\\_php_projects\\numerology\\vendor\\fruitcake\\laravel-cors\\src\\HandleCors.php(38): Illuminate\\Pipeline\\Pipeline->Illuminate\\Pipeline\\{closure}(Object(Illuminate\\Http\\Request))
#65 C:\\Users\\UY\\works\\_php_projects\\numerology\\vendor\\laravel\\framework\\src\\Illuminate\\Pipeline\\Pipeline.php(167): Fruitcake\\Cors\\HandleCors->handle(Object(Illuminate\\Http\\Request), Object(Closure))
#66 C:\\Users\\UY\\works\\_php_projects\\numerology\\vendor\\fideloper\\proxy\\src\\TrustProxies.php(57): Illuminate\\Pipeline\\Pipeline->Illuminate\\Pipeline\\{closure}(Object(Illuminate\\Http\\Request))
#67 C:\\Users\\UY\\works\\_php_projects\\numerology\\vendor\\laravel\\framework\\src\\Illuminate\\Pipeline\\Pipeline.php(167): Fideloper\\Proxy\\TrustProxies->handle(Object(Illuminate\\Http\\Request), Object(Closure))
#68 C:\\Users\\UY\\works\\_php_projects\\numerology\\vendor\\laravel\\framework\\src\\Illuminate\\Pipeline\\Pipeline.php(103): Illuminate\\Pipeline\\Pipeline->Illuminate\\Pipeline\\{closure}(Object(Illuminate\\Http\\Request))
#69 C:\\Users\\UY\\works\\_php_projects\\numerology\\vendor\\laravel\\framework\\src\\Illuminate\\Foundation\\Http\\Kernel.php(142): Illuminate\\Pipeline\\Pipeline->then(Object(Closure))
#70 C:\\Users\\UY\\works\\_php_projects\\numerology\\vendor\\laravel\\framework\\src\\Illuminate\\Foundation\\Http\\Kernel.php(111): Illuminate\\Foundation\\Http\\Kernel->sendRequestThroughRouter(Object(Illuminate\\Http\\Request))
#71 C:\\Users\\UY\\works\\_php_projects\\numerology\\public\\index.php(54): Illuminate\\Foundation\\Http\\Kernel->handle(Object(Illuminate\\Http\\Request))
#72 {main}

[previous exception] [object] (ErrorException(code: 0): Undefined variable $today_birthday_customers at C:\\Users\\UY\\works\\_php_projects\\numerology\\storage\\framework\\views\\f92bba873064c87189e608bcb8f50f4cdff1b304.php:52)
[stacktrace]
#0 C:\\Users\\UY\\works\\_php_projects\\numerology\\storage\\framework\\views\\f92bba873064c87189e608bcb8f50f4cdff1b304.php(52): Illuminate\\Foundation\\Bootstrap\\HandleExceptions->handleError(2, 'Undefined varia...', 'C:\\\\Users\\\\UY\\\\wor...', 52)
#1 C:\\Users\\UY\\works\\_php_projects\\numerology\\vendor\\laravel\\framework\\src\\Illuminate\\Filesystem\\Filesystem.php(107): require('C:\\\\Users\\\\UY\\\\wor...')
#2 C:\\Users\\UY\\works\\_php_projects\\numerology\\vendor\\laravel\\framework\\src\\Illuminate\\Filesystem\\Filesystem.php(108): Illuminate\\Filesystem\\Filesystem::Illuminate\\Filesystem\\{closure}()
#3 C:\\Users\\UY\\works\\_php_projects\\numerology\\vendor\\laravel\\framework\\src\\Illuminate\\View\\Engines\\PhpEngine.php(58): Illuminate\\Filesystem\\Filesystem->getRequire('C:\\\\Users\\\\UY\\\\wor...', Array)
#4 C:\\Users\\UY\\works\\_php_projects\\numerology\\vendor\\laravel\\framework\\src\\Illuminate\\View\\Engines\\CompilerEngine.php(61): Illuminate\\View\\Engines\\PhpEngine->evaluatePath('C:\\\\Users\\\\UY\\\\wor...', Array)
#5 C:\\Users\\UY\\works\\_php_projects\\numerology\\vendor\\facade\\ignition\\src\\Views\\Engines\\CompilerEngine.php(37): Illuminate\\View\\Engines\\CompilerEngine->get('C:\\\\Users\\\\UY\\\\wor...', Array)
#6 C:\\Users\\UY\\works\\_php_projects\\numerology\\vendor\\laravel\\framework\\src\\Illuminate\\View\\View.php(139): Facade\\Ignition\\Views\\Engines\\CompilerEngine->get('C:\\\\Users\\\\UY\\\\wor...', Array)
#7 C:\\Users\\UY\\works\\_php_projects\\numerology\\vendor\\laravel\\framework\\src\\Illuminate\\View\\View.php(122): Illuminate\\View\\View->getContents()
#8 C:\\Users\\UY\\works\\_php_projects\\numerology\\vendor\\laravel\\framework\\src\\Illuminate\\View\\View.php(91): Illuminate\\View\\View->renderContents()
#9 C:\\Users\\UY\\works\\_php_projects\\numerology\\storage\\framework\\views\\92d21cefedef17b20c8b44a67ca2a9aa9d29b88b.php(66): Illuminate\\View\\View->render()
#10 C:\\Users\\UY\\works\\_php_projects\\numerology\\vendor\\laravel\\framework\\src\\Illuminate\\Filesystem\\Filesystem.php(107): require('C:\\\\Users\\\\UY\\\\wor...')
#11 C:\\Users\\UY\\works\\_php_projects\\numerology\\vendor\\laravel\\framework\\src\\Illuminate\\Filesystem\\Filesystem.php(108): Illuminate\\Filesystem\\Filesystem::Illuminate\\Filesystem\\{closure}()
#12 C:\\Users\\UY\\works\\_php_projects\\numerology\\vendor\\laravel\\framework\\src\\Illuminate\\View\\Engines\\PhpEngine.php(58): Illuminate\\Filesystem\\Filesystem->getRequire('C:\\\\Users\\\\UY\\\\wor...', Array)
#13 C:\\Users\\UY\\works\\_php_projects\\numerology\\vendor\\laravel\\framework\\src\\Illuminate\\View\\Engines\\CompilerEngine.php(61): Illuminate\\View\\Engines\\PhpEngine->evaluatePath('C:\\\\Users\\\\UY\\\\wor...', Array)
#14 C:\\Users\\UY\\works\\_php_projects\\numerology\\vendor\\facade\\ignition\\src\\Views\\Engines\\CompilerEngine.php(37): Illuminate\\View\\Engines\\CompilerEngine->get('C:\\\\Users\\\\UY\\\\wor...', Array)
#15 C:\\Users\\UY\\works\\_php_projects\\numerology\\vendor\\laravel\\framework\\src\\Illuminate\\View\\View.php(139): Facade\\Ignition\\Views\\Engines\\CompilerEngine->get('C:\\\\Users\\\\UY\\\\wor...', Array)
#16 C:\\Users\\UY\\works\\_php_projects\\numerology\\vendor\\laravel\\framework\\src\\Illuminate\\View\\View.php(122): Illuminate\\View\\View->getContents()
#17 C:\\Users\\UY\\works\\_php_projects\\numerology\\vendor\\laravel\\framework\\src\\Illuminate\\View\\View.php(91): Illuminate\\View\\View->renderContents()
#18 C:\\Users\\UY\\works\\_php_projects\\numerology\\vendor\\encore\\laravel-admin\\src\\Layout\\Content.php(313): Illuminate\\View\\View->render()
#19 C:\\Users\\UY\\works\\_php_projects\\numerology\\vendor\\laravel\\framework\\src\\Illuminate\\Http\\Response.php(69): Encore\\Admin\\Layout\\Content->render()
#20 C:\\Users\\UY\\works\\_php_projects\\numerology\\vendor\\laravel\\framework\\src\\Illuminate\\Http\\Response.php(35): Illuminate\\Http\\Response->setContent(Object(Encore\\Admin\\Layout\\Content))
#21 C:\\Users\\UY\\works\\_php_projects\\numerology\\vendor\\laravel\\framework\\src\\Illuminate\\Routing\\Router.php(820): Illuminate\\Http\\Response->__construct(Object(Encore\\Admin\\Layout\\Content), 200, Array)
#22 C:\\Users\\UY\\works\\_php_projects\\numerology\\vendor\\laravel\\framework\\src\\Illuminate\\Routing\\Router.php(789): Illuminate\\Routing\\Router::toResponse(Object(Illuminate\\Http\\Request), Object(Encore\\Admin\\Layout\\Content))
#23 C:\\Users\\UY\\works\\_php_projects\\numerology\\vendor\\laravel\\framework\\src\\Illuminate\\Routing\\Router.php(720): Illuminate\\Routing\\Router->prepareResponse(Object(Illuminate\\Http\\Request), Object(Encore\\Admin\\Layout\\Content))
#24 C:\\Users\\UY\\works\\_php_projects\\numerology\\vendor\\laravel\\framework\\src\\Illuminate\\Pipeline\\Pipeline.php(128): Illuminate\\Routing\\Router->Illuminate\\Routing\\{closure}(Object(Illuminate\\Http\\Request))
#25 C:\\Users\\UY\\works\\_php_projects\\numerology\\vendor\\encore\\laravel-admin\\src\\Middleware\\Permission.php(46): Illuminate\\Pipeline\\Pipeline->Illuminate\\Pipeline\\{closure}(Object(Illuminate\\Http\\Request))
#26 C:\\Users\\UY\\works\\_php_projects\\numerology\\vendor\\laravel\\framework\\src\\Illuminate\\Pipeline\\Pipeline.php(167): Encore\\Admin\\Middleware\\Permission->handle(Object(Illuminate\\Http\\Request), Object(Closure))
#27 C:\\Users\\UY\\works\\_php_projects\\numerology\\vendor\\encore\\laravel-admin\\src\\Middleware\\Bootstrap.php(15): Illuminate\\Pipeline\\Pipeline->Illuminate\\Pipeline\\{closure}(Object(Illuminate\\Http\\Request))
#28 C:\\Users\\UY\\works\\_php_projects\\numerology\\vendor\\laravel\\framework\\src\\Illuminate\\Pipeline\\Pipeline.php(167): Encore\\Admin\\Middleware\\Bootstrap->handle(Object(Illuminate\\Http\\Request), Object(Closure))
#29 C:\\Users\\UY\\works\\_php_projects\\numerology\\vendor\\encore\\laravel-admin\\src\\Middleware\\LogOperation.php(38): Illuminate\\Pipeline\\Pipeline->Illuminate\\Pipeline\\{closure}(Object(Illuminate\\Http\\Request))
#30 C:\\Users\\UY\\works\\_php_projects\\numerology\\vendor\\laravel\\framework\\src\\Illuminate\\Pipeline\\Pipeline.php(167): Encore\\Admin\\Middleware\\LogOperation->handle(Object(Illuminate\\Http\\Request), Object(Closure))
#31 C:\\Users\\UY\\works\\_php_projects\\numerology\\vendor\\encore\\laravel-admin\\src\\Middleware\\Pjax.php(24): Illuminate\\Pipeline\\Pipeline->Illuminate\\Pipeline\\{closure}(Object(Illuminate\\Http\\Request))
#32 C:\\Users\\UY\\works\\_php_projects\\numerology\\vendor\\laravel\\framework\\src\\Illuminate\\Pipeline\\Pipeline.php(167): Encore\\Admin\\Middleware\\Pjax->handle(Object(Illuminate\\Http\\Request), Object(Closure))
#33 C:\\Users\\UY\\works\\_php_projects\\numerology\\vendor\\encore\\laravel-admin\\src\\Middleware\\Authenticate.php(28): Illuminate\\Pipeline\\Pipeline->Illuminate\\Pipeline\\{closure}(Object(Illuminate\\Http\\Request))
#34 C:\\Users\\UY\\works\\_php_projects\\numerology\\vendor\\laravel\\framework\\src\\Illuminate\\Pipeline\\Pipeline.php(167): Encore\\Admin\\Middleware\\Authenticate->handle(Object(Illuminate\\Http\\Request), Object(Closure))
#35 C:\\Users\\UY\\works\\_php_projects\\numerology\\vendor\\laravel\\framework\\src\\Illuminate\\Routing\\Middleware\\SubstituteBindings.php(50): Illuminate\\Pipeline\\Pipeline->Illuminate\\Pipeline\\{closure}(Object(Illuminate\\Http\\Request))
#36 C:\\Users\\UY\\works\\_php_projects\\numerology\\vendor\\laravel\\framework\\src\\Illuminate\\Pipeline\\Pipeline.php(167): Illuminate\\Routing\\Middleware\\SubstituteBindings->handle(Object(Illuminate\\Http\\Request), Object(Closure))
#37 C:\\Users\\UY\\works\\_php_projects\\numerology\\vendor\\laravel\\framework\\src\\Illuminate\\Foundation\\Http\\Middleware\\VerifyCsrfToken.php(78): Illuminate\\Pipeline\\Pipeline->Illuminate\\Pipeline\\{closure}(Object(Illuminate\\Http\\Request))
#38 C:\\Users\\UY\\works\\_php_projects\\numerology\\vendor\\laravel\\framework\\src\\Illuminate\\Pipeline\\Pipeline.php(167): Illuminate\\Foundation\\Http\\Middleware\\VerifyCsrfToken->handle(Object(Illuminate\\Http\\Request), Object(Closure))
#39 C:\\Users\\UY\\works\\_php_projects\\numerology\\vendor\\laravel\\framework\\src\\Illuminate\\View\\Middleware\\ShareErrorsFromSession.php(49): Illuminate\\Pipeline\\Pipeline->Illuminate\\Pipeline\\{closure}(Object(Illuminate\\Http\\Request))
#40 C:\\Users\\UY\\works\\_php_projects\\numerology\\vendor\\laravel\\framework\\src\\Illuminate\\Pipeline\\Pipeline.php(167): Illuminate\\View\\Middleware\\ShareErrorsFromSession->handle(Object(Illuminate\\Http\\Request), Object(Closure))
#41 C:\\Users\\UY\\works\\_php_projects\\numerology\\vendor\\laravel\\framework\\src\\Illuminate\\Session\\Middleware\\StartSession.php(121): Illuminate\\Pipeline\\Pipeline->Illuminate\\Pipeline\\{closure}(Object(Illuminate\\Http\\Request))
#42 C:\\Users\\UY\\works\\_php_projects\\numerology\\vendor\\laravel\\framework\\src\\Illuminate\\Session\\Middleware\\StartSession.php(64): Illuminate\\Session\\Middleware\\StartSession->handleStatefulRequest(Object(Illuminate\\Http\\Request), Object(Illuminate\\Session\\Store), Object(Closure))
#43 C:\\Users\\UY\\works\\_php_projects\\numerology\\vendor\\laravel\\framework\\src\\Illuminate\\Pipeline\\Pipeline.php(167): Illuminate\\Session\\Middleware\\StartSession->handle(Object(Illuminate\\Http\\Request), Object(Closure))
#44 C:\\Users\\UY\\works\\_php_projects\\numerology\\vendor\\laravel\\framework\\src\\Illuminate\\Cookie\\Middleware\\AddQueuedCookiesToResponse.php(37): Illuminate\\Pipeline\\Pipeline->Illuminate\\Pipeline\\{closure}(Object(Illuminate\\Http\\Request))
#45 C:\\Users\\UY\\works\\_php_projects\\numerology\\vendor\\laravel\\framework\\src\\Illuminate\\Pipeline\\Pipeline.php(167): Illuminate\\Cookie\\Middleware\\AddQueuedCookiesToResponse->handle(Object(Illuminate\\Http\\Request), Object(Closure))
#46 C:\\Users\\UY\\works\\_php_projects\\numerology\\vendor\\laravel\\framework\\src\\Illuminate\\Cookie\\Middleware\\EncryptCookies.php(67): Illuminate\\Pipeline\\Pipeline->Illuminate\\Pipeline\\{closure}(Object(Illuminate\\Http\\Request))
#47 C:\\Users\\UY\\works\\_php_projects\\numerology\\vendor\\laravel\\framework\\src\\Illuminate\\Pipeline\\Pipeline.php(167): Illuminate\\Cookie\\Middleware\\EncryptCookies->handle(Object(Illuminate\\Http\\Request), Object(Closure))
#48 C:\\Users\\UY\\works\\_php_projects\\numerology\\vendor\\laravel\\framework\\src\\Illuminate\\Pipeline\\Pipeline.php(103): Illuminate\\Pipeline\\Pipeline->Illuminate\\Pipeline\\{closure}(Object(Illuminate\\Http\\Request))
#49 C:\\Users\\UY\\works\\_php_projects\\numerology\\vendor\\laravel\\framework\\src\\Illuminate\\Routing\\Router.php(719): Illuminate\\Pipeline\\Pipeline->then(Object(Closure))
#50 C:\\Users\\UY\\works\\_php_projects\\numerology\\vendor\\laravel\\framework\\src\\Illuminate\\Routing\\Router.php(698): Illuminate\\Routing\\Router->runRouteWithinStack(Object(Illuminate\\Routing\\Route), Object(Illuminate\\Http\\Request))
#51 C:\\Users\\UY\\works\\_php_projects\\numerology\\vendor\\laravel\\framework\\src\\Illuminate\\Routing\\Router.php(662): Illuminate\\Routing\\Router->runRoute(Object(Illuminate\\Http\\Request), Object(Illuminate\\Routing\\Route))
#52 C:\\Users\\UY\\works\\_php_projects\\numerology\\vendor\\laravel\\framework\\src\\Illuminate\\Routing\\Router.php(651): Illuminate\\Routing\\Router->dispatchToRoute(Object(Illuminate\\Http\\Request))
#53 C:\\Users\\UY\\works\\_php_projects\\numerology\\vendor\\laravel\\framework\\src\\Illuminate\\Foundation\\Http\\Kernel.php(167): Illuminate\\Routing\\Router->dispatch(Object(Illuminate\\Http\\Request))
#54 C:\\Users\\UY\\works\\_php_projects\\numerology\\vendor\\laravel\\framework\\src\\Illuminate\\Pipeline\\Pipeline.php(128): Illuminate\\Foundation\\Http\\Kernel->Illuminate\\Foundation\\Http\\{closure}(Object(Illuminate\\Http\\Request))
#55 C:\\Users\\UY\\works\\_php_projects\\numerology\\vendor\\laravel\\framework\\src\\Illuminate\\Foundation\\Http\\Middleware\\TransformsRequest.php(21): Illuminate\\Pipeline\\Pipeline->Illuminate\\Pipeline\\{closure}(Object(Illuminate\\Http\\Request))
#56 C:\\Users\\UY\\works\\_php_projects\\numerology\\vendor\\laravel\\framework\\src\\Illuminate\\Foundation\\Http\\Middleware\\ConvertEmptyStringsToNull.php(31): Illuminate\\Foundation\\Http\\Middleware\\TransformsRequest->handle(Object(Illuminate\\Http\\Request), Object(Closure))
#57 C:\\Users\\UY\\works\\_php_projects\\numerology\\vendor\\laravel\\framework\\src\\Illuminate\\Pipeline\\Pipeline.php(167): Illuminate\\Foundation\\Http\\Middleware\\ConvertEmptyStringsToNull->handle(Object(Illuminate\\Http\\Request), Object(Closure))
#58 C:\\Users\\UY\\works\\_php_projects\\numerology\\vendor\\laravel\\framework\\src\\Illuminate\\Foundation\\Http\\Middleware\\TransformsRequest.php(21): Illuminate\\Pipeline\\Pipeline->Illuminate\\Pipeline\\{closure}(Object(Illuminate\\Http\\Request))
#59 C:\\Users\\UY\\works\\_php_projects\\numerology\\vendor\\laravel\\framework\\src\\Illuminate\\Foundation\\Http\\Middleware\\TrimStrings.php(40): Illuminate\\Foundation\\Http\\Middleware\\TransformsRequest->handle(Object(Illuminate\\Http\\Request), Object(Closure))
#60 C:\\Users\\UY\\works\\_php_projects\\numerology\\vendor\\laravel\\framework\\src\\Illuminate\\Pipeline\\Pipeline.php(167): Illuminate\\Foundation\\Http\\Middleware\\TrimStrings->handle(Object(Illuminate\\Http\\Request), Object(Closure))
#61 C:\\Users\\UY\\works\\_php_projects\\numerology\\vendor\\laravel\\framework\\src\\Illuminate\\Foundation\\Http\\Middleware\\ValidatePostSize.php(27): Illuminate\\Pipeline\\Pipeline->Illuminate\\Pipeline\\{closure}(Object(Illuminate\\Http\\Request))
#62 C:\\Users\\UY\\works\\_php_projects\\numerology\\vendor\\laravel\\framework\\src\\Illuminate\\Pipeline\\Pipeline.php(167): Illuminate\\Foundation\\Http\\Middleware\\ValidatePostSize->handle(Object(Illuminate\\Http\\Request), Object(Closure))
#63 C:\\Users\\UY\\works\\_php_projects\\numerology\\vendor\\laravel\\framework\\src\\Illuminate\\Foundation\\Http\\Middleware\\PreventRequestsDuringMaintenance.php(86): Illuminate\\Pipeline\\Pipeline->Illuminate\\Pipeline\\{closure}(Object(Illuminate\\Http\\Request))
#64 C:\\Users\\UY\\works\\_php_projects\\numerology\\vendor\\laravel\\framework\\src\\Illuminate\\Pipeline\\Pipeline.php(167): Illuminate\\Foundation\\Http\\Middleware\\PreventRequestsDuringMaintenance->handle(Object(Illuminate\\Http\\Request), Object(Closure))
#65 C:\\Users\\UY\\works\\_php_projects\\numerology\\vendor\\fruitcake\\laravel-cors\\src\\HandleCors.php(38): Illuminate\\Pipeline\\Pipeline->Illuminate\\Pipeline\\{closure}(Object(Illuminate\\Http\\Request))
#66 C:\\Users\\UY\\works\\_php_projects\\numerology\\vendor\\laravel\\framework\\src\\Illuminate\\Pipeline\\Pipeline.php(167): Fruitcake\\Cors\\HandleCors->handle(Object(Illuminate\\Http\\Request), Object(Closure))
#67 C:\\Users\\UY\\works\\_php_projects\\numerology\\vendor\\fideloper\\proxy\\src\\TrustProxies.php(57): Illuminate\\Pipeline\\Pipeline->Illuminate\\Pipeline\\{closure}(Object(Illuminate\\Http\\Request))
#68 C:\\Users\\UY\\works\\_php_projects\\numerology\\vendor\\laravel\\framework\\src\\Illuminate\\Pipeline\\Pipeline.php(167): Fideloper\\Proxy\\TrustProxies->handle(Object(Illuminate\\Http\\Request), Object(Closure))
#69 C:\\Users\\UY\\works\\_php_projects\\numerology\\vendor\\laravel\\framework\\src\\Illuminate\\Pipeline\\Pipeline.php(103): Illuminate\\Pipeline\\Pipeline->Illuminate\\Pipeline\\{closure}(Object(Illuminate\\Http\\Request))
#70 C:\\Users\\UY\\works\\_php_projects\\numerology\\vendor\\laravel\\framework\\src\\Illuminate\\Foundation\\Http\\Kernel.php(142): Illuminate\\Pipeline\\Pipeline->then(Object(Closure))
#71 C:\\Users\\UY\\works\\_php_projects\\numerology\\vendor\\laravel\\framework\\src\\Illuminate\\Foundation\\Http\\Kernel.php(111): Illuminate\\Foundation\\Http\\Kernel->sendRequestThroughRouter(Object(Illuminate\\Http\\Request))
#72 C:\\Users\\UY\\works\\_php_projects\\numerology\\public\\index.php(54): Illuminate\\Foundation\\Http\\Kernel->handle(Object(Illuminate\\Http\\Request))
#73 {main}
"} 
[2024-09-27 08:33:06] local.ERROR: There are no commands defined in the "ide-helper" namespace. {"exception":"[object] (Symfony\\Component\\Console\\Exception\\NamespaceNotFoundException(code: 0): There are no commands defined in the \"ide-helper\" namespace. at C:\\Users\\UY\\works\\_php_projects\\numerology\\vendor\\symfony\\console\\Application.php:650)
[stacktrace]
#0 C:\\Users\\UY\\works\\_php_projects\\numerology\\vendor\\symfony\\console\\Application.php(701): Symfony\\Component\\Console\\Application->findNamespace('ide-helper')
#1 C:\\Users\\UY\\works\\_php_projects\\numerology\\vendor\\symfony\\console\\Application.php(259): Symfony\\Component\\Console\\Application->find('ide-helper:gene...')
#2 C:\\Users\\UY\\works\\_php_projects\\numerology\\vendor\\symfony\\console\\Application.php(171): Symfony\\Component\\Console\\Application->doRun(Object(Symfony\\Component\\Console\\Input\\ArgvInput), Object(Symfony\\Component\\Console\\Output\\ConsoleOutput))
#3 C:\\Users\\UY\\works\\_php_projects\\numerology\\vendor\\laravel\\framework\\src\\Illuminate\\Console\\Application.php(94): Symfony\\Component\\Console\\Application->run(Object(Symfony\\Component\\Console\\Input\\ArgvInput), Object(Symfony\\Component\\Console\\Output\\ConsoleOutput))
#4 C:\\Users\\UY\\works\\_php_projects\\numerology\\vendor\\laravel\\framework\\src\\Illuminate\\Foundation\\Console\\Kernel.php(129): Illuminate\\Console\\Application->run(Object(Symfony\\Component\\Console\\Input\\ArgvInput), Object(Symfony\\Component\\Console\\Output\\ConsoleOutput))
#5 C:\\Users\\UY\\works\\_php_projects\\numerology\\artisan(35): Illuminate\\Foundation\\Console\\Kernel->handle(Object(Symfony\\Component\\Console\\Input\\ArgvInput), Object(Symfony\\Component\\Console\\Output\\ConsoleOutput))
#6 {main}
"} 
[2024-10-02 07:02:35] local.ERROR: There are no commands defined in the "ide-helper" namespace. {"exception":"[object] (Symfony\\Component\\Console\\Exception\\NamespaceNotFoundException(code: 0): There are no commands defined in the \"ide-helper\" namespace. at C:\\Users\\UY\\works\\_php_projects\\numerology\\vendor\\symfony\\console\\Application.php:650)
[stacktrace]
#0 C:\\Users\\UY\\works\\_php_projects\\numerology\\vendor\\symfony\\console\\Application.php(701): Symfony\\Component\\Console\\Application->findNamespace('ide-helper')
#1 C:\\Users\\UY\\works\\_php_projects\\numerology\\vendor\\symfony\\console\\Application.php(259): Symfony\\Component\\Console\\Application->find('ide-helper:gene...')
#2 C:\\Users\\UY\\works\\_php_projects\\numerology\\vendor\\symfony\\console\\Application.php(171): Symfony\\Component\\Console\\Application->doRun(Object(Symfony\\Component\\Console\\Input\\ArgvInput), Object(Symfony\\Component\\Console\\Output\\ConsoleOutput))
#3 C:\\Users\\UY\\works\\_php_projects\\numerology\\vendor\\laravel\\framework\\src\\Illuminate\\Console\\Application.php(94): Symfony\\Component\\Console\\Application->run(Object(Symfony\\Component\\Console\\Input\\ArgvInput), Object(Symfony\\Component\\Console\\Output\\ConsoleOutput))
#4 C:\\Users\\UY\\works\\_php_projects\\numerology\\vendor\\laravel\\framework\\src\\Illuminate\\Foundation\\Console\\Kernel.php(129): Illuminate\\Console\\Application->run(Object(Symfony\\Component\\Console\\Input\\ArgvInput), Object(Symfony\\Component\\Console\\Output\\ConsoleOutput))
#5 C:\\Users\\UY\\works\\_php_projects\\numerology\\artisan(35): Illuminate\\Foundation\\Console\\Kernel->handle(Object(Symfony\\Component\\Console\\Input\\ArgvInput), Object(Symfony\\Component\\Console\\Output\\ConsoleOutput))
#6 {main}
"} 
[2024-10-02 07:19:05] local.ERROR: There are no commands defined in the "ide-helper" namespace. {"exception":"[object] (Symfony\\Component\\Console\\Exception\\NamespaceNotFoundException(code: 0): There are no commands defined in the \"ide-helper\" namespace. at C:\\Users\\UY\\works\\_php_projects\\numerology\\vendor\\symfony\\console\\Application.php:650)
[stacktrace]
#0 C:\\Users\\UY\\works\\_php_projects\\numerology\\vendor\\symfony\\console\\Application.php(701): Symfony\\Component\\Console\\Application->findNamespace('ide-helper')
#1 C:\\Users\\UY\\works\\_php_projects\\numerology\\vendor\\symfony\\console\\Application.php(259): Symfony\\Component\\Console\\Application->find('ide-helper:gene...')
#2 C:\\Users\\UY\\works\\_php_projects\\numerology\\vendor\\symfony\\console\\Application.php(171): Symfony\\Component\\Console\\Application->doRun(Object(Symfony\\Component\\Console\\Input\\ArgvInput), Object(Symfony\\Component\\Console\\Output\\ConsoleOutput))
#3 C:\\Users\\UY\\works\\_php_projects\\numerology\\vendor\\laravel\\framework\\src\\Illuminate\\Console\\Application.php(94): Symfony\\Component\\Console\\Application->run(Object(Symfony\\Component\\Console\\Input\\ArgvInput), Object(Symfony\\Component\\Console\\Output\\ConsoleOutput))
#4 C:\\Users\\UY\\works\\_php_projects\\numerology\\vendor\\laravel\\framework\\src\\Illuminate\\Foundation\\Console\\Kernel.php(129): Illuminate\\Console\\Application->run(Object(Symfony\\Component\\Console\\Input\\ArgvInput), Object(Symfony\\Component\\Console\\Output\\ConsoleOutput))
#5 C:\\Users\\UY\\works\\_php_projects\\numerology\\artisan(35): Illuminate\\Foundation\\Console\\Kernel->handle(Object(Symfony\\Component\\Console\\Input\\ArgvInput), Object(Symfony\\Component\\Console\\Output\\ConsoleOutput))
#6 {main}
"} 
[2024-10-02 07:22:03] local.ERROR: There are no commands defined in the "ide-helper" namespace. {"exception":"[object] (Symfony\\Component\\Console\\Exception\\NamespaceNotFoundException(code: 0): There are no commands defined in the \"ide-helper\" namespace. at C:\\Users\\UY\\works\\_php_projects\\numerology\\vendor\\symfony\\console\\Application.php:650)
[stacktrace]
#0 C:\\Users\\UY\\works\\_php_projects\\numerology\\vendor\\symfony\\console\\Application.php(701): Symfony\\Component\\Console\\Application->findNamespace('ide-helper')
#1 C:\\Users\\UY\\works\\_php_projects\\numerology\\vendor\\symfony\\console\\Application.php(259): Symfony\\Component\\Console\\Application->find('ide-helper:gene...')
#2 C:\\Users\\UY\\works\\_php_projects\\numerology\\vendor\\symfony\\console\\Application.php(171): Symfony\\Component\\Console\\Application->doRun(Object(Symfony\\Component\\Console\\Input\\ArgvInput), Object(Symfony\\Component\\Console\\Output\\ConsoleOutput))
#3 C:\\Users\\UY\\works\\_php_projects\\numerology\\vendor\\laravel\\framework\\src\\Illuminate\\Console\\Application.php(94): Symfony\\Component\\Console\\Application->run(Object(Symfony\\Component\\Console\\Input\\ArgvInput), Object(Symfony\\Component\\Console\\Output\\ConsoleOutput))
#4 C:\\Users\\UY\\works\\_php_projects\\numerology\\vendor\\laravel\\framework\\src\\Illuminate\\Foundation\\Console\\Kernel.php(129): Illuminate\\Console\\Application->run(Object(Symfony\\Component\\Console\\Input\\ArgvInput), Object(Symfony\\Component\\Console\\Output\\ConsoleOutput))
#5 C:\\Users\\UY\\works\\_php_projects\\numerology\\artisan(35): Illuminate\\Foundation\\Console\\Kernel->handle(Object(Symfony\\Component\\Console\\Input\\ArgvInput), Object(Symfony\\Component\\Console\\Output\\ConsoleOutput))
#6 {main}
"} 
[2024-10-02 07:22:03] local.ERROR: There are no commands defined in the "ide-helper" namespace. {"exception":"[object] (Symfony\\Component\\Console\\Exception\\NamespaceNotFoundException(code: 0): There are no commands defined in the \"ide-helper\" namespace. at C:\\Users\\UY\\works\\_php_projects\\numerology\\vendor\\symfony\\console\\Application.php:650)
[stacktrace]
#0 C:\\Users\\UY\\works\\_php_projects\\numerology\\vendor\\symfony\\console\\Application.php(701): Symfony\\Component\\Console\\Application->findNamespace('ide-helper')
#1 C:\\Users\\UY\\works\\_php_projects\\numerology\\vendor\\symfony\\console\\Application.php(259): Symfony\\Component\\Console\\Application->find('ide-helper:mode...')
#2 C:\\Users\\UY\\works\\_php_projects\\numerology\\vendor\\symfony\\console\\Application.php(171): Symfony\\Component\\Console\\Application->doRun(Object(Symfony\\Component\\Console\\Input\\ArgvInput), Object(Symfony\\Component\\Console\\Output\\ConsoleOutput))
#3 C:\\Users\\UY\\works\\_php_projects\\numerology\\vendor\\laravel\\framework\\src\\Illuminate\\Console\\Application.php(94): Symfony\\Component\\Console\\Application->run(Object(Symfony\\Component\\Console\\Input\\ArgvInput), Object(Symfony\\Component\\Console\\Output\\ConsoleOutput))
#4 C:\\Users\\UY\\works\\_php_projects\\numerology\\vendor\\laravel\\framework\\src\\Illuminate\\Foundation\\Console\\Kernel.php(129): Illuminate\\Console\\Application->run(Object(Symfony\\Component\\Console\\Input\\ArgvInput), Object(Symfony\\Component\\Console\\Output\\ConsoleOutput))
#5 C:\\Users\\UY\\works\\_php_projects\\numerology\\artisan(35): Illuminate\\Foundation\\Console\\Kernel->handle(Object(Symfony\\Component\\Console\\Input\\ArgvInput), Object(Symfony\\Component\\Console\\Output\\ConsoleOutput))
#6 {main}
"} 
[2024-10-02 07:23:38] local.ERROR: There are no commands defined in the "ide-helper" namespace. {"exception":"[object] (Symfony\\Component\\Console\\Exception\\NamespaceNotFoundException(code: 0): There are no commands defined in the \"ide-helper\" namespace. at C:\\Users\\UY\\works\\_php_projects\\numerology\\vendor\\symfony\\console\\Application.php:650)
[stacktrace]
#0 C:\\Users\\UY\\works\\_php_projects\\numerology\\vendor\\symfony\\console\\Application.php(701): Symfony\\Component\\Console\\Application->findNamespace('ide-helper')
#1 C:\\Users\\UY\\works\\_php_projects\\numerology\\vendor\\symfony\\console\\Application.php(259): Symfony\\Component\\Console\\Application->find('ide-helper:gene...')
#2 C:\\Users\\UY\\works\\_php_projects\\numerology\\vendor\\symfony\\console\\Application.php(171): Symfony\\Component\\Console\\Application->doRun(Object(Symfony\\Component\\Console\\Input\\ArgvInput), Object(Symfony\\Component\\Console\\Output\\ConsoleOutput))
#3 C:\\Users\\UY\\works\\_php_projects\\numerology\\vendor\\laravel\\framework\\src\\Illuminate\\Console\\Application.php(94): Symfony\\Component\\Console\\Application->run(Object(Symfony\\Component\\Console\\Input\\ArgvInput), Object(Symfony\\Component\\Console\\Output\\ConsoleOutput))
#4 C:\\Users\\UY\\works\\_php_projects\\numerology\\vendor\\laravel\\framework\\src\\Illuminate\\Foundation\\Console\\Kernel.php(129): Illuminate\\Console\\Application->run(Object(Symfony\\Component\\Console\\Input\\ArgvInput), Object(Symfony\\Component\\Console\\Output\\ConsoleOutput))
#5 C:\\Users\\UY\\works\\_php_projects\\numerology\\artisan(35): Illuminate\\Foundation\\Console\\Kernel->handle(Object(Symfony\\Component\\Console\\Input\\ArgvInput), Object(Symfony\\Component\\Console\\Output\\ConsoleOutput))
#6 {main}
"} 
[2024-10-02 07:24:00] local.ERROR: There are no commands defined in the "ide-helper" namespace. {"exception":"[object] (Symfony\\Component\\Console\\Exception\\NamespaceNotFoundException(code: 0): There are no commands defined in the \"ide-helper\" namespace. at C:\\Users\\UY\\works\\_php_projects\\numerology\\vendor\\symfony\\console\\Application.php:650)
[stacktrace]
#0 C:\\Users\\UY\\works\\_php_projects\\numerology\\vendor\\symfony\\console\\Application.php(701): Symfony\\Component\\Console\\Application->findNamespace('ide-helper')
#1 C:\\Users\\UY\\works\\_php_projects\\numerology\\vendor\\symfony\\console\\Application.php(259): Symfony\\Component\\Console\\Application->find('ide-helper:gene...')
#2 C:\\Users\\UY\\works\\_php_projects\\numerology\\vendor\\symfony\\console\\Application.php(171): Symfony\\Component\\Console\\Application->doRun(Object(Symfony\\Component\\Console\\Input\\ArgvInput), Object(Symfony\\Component\\Console\\Output\\ConsoleOutput))
#3 C:\\Users\\UY\\works\\_php_projects\\numerology\\vendor\\laravel\\framework\\src\\Illuminate\\Console\\Application.php(94): Symfony\\Component\\Console\\Application->run(Object(Symfony\\Component\\Console\\Input\\ArgvInput), Object(Symfony\\Component\\Console\\Output\\ConsoleOutput))
#4 C:\\Users\\UY\\works\\_php_projects\\numerology\\vendor\\laravel\\framework\\src\\Illuminate\\Foundation\\Console\\Kernel.php(129): Illuminate\\Console\\Application->run(Object(Symfony\\Component\\Console\\Input\\ArgvInput), Object(Symfony\\Component\\Console\\Output\\ConsoleOutput))
#5 C:\\Users\\UY\\works\\_php_projects\\numerology\\artisan(35): Illuminate\\Foundation\\Console\\Kernel->handle(Object(Symfony\\Component\\Console\\Input\\ArgvInput), Object(Symfony\\Component\\Console\\Output\\ConsoleOutput))
#6 {main}
"} 
[2024-10-02 07:24:18] local.ERROR: There are no commands defined in the "ide-helper" namespace. {"exception":"[object] (Symfony\\Component\\Console\\Exception\\NamespaceNotFoundException(code: 0): There are no commands defined in the \"ide-helper\" namespace. at C:\\Users\\UY\\works\\_php_projects\\numerology\\vendor\\symfony\\console\\Application.php:650)
[stacktrace]
#0 C:\\Users\\UY\\works\\_php_projects\\numerology\\vendor\\symfony\\console\\Application.php(701): Symfony\\Component\\Console\\Application->findNamespace('ide-helper')
#1 C:\\Users\\UY\\works\\_php_projects\\numerology\\vendor\\symfony\\console\\Application.php(259): Symfony\\Component\\Console\\Application->find('ide-helper:gene...')
#2 C:\\Users\\UY\\works\\_php_projects\\numerology\\vendor\\symfony\\console\\Application.php(171): Symfony\\Component\\Console\\Application->doRun(Object(Symfony\\Component\\Console\\Input\\ArgvInput), Object(Symfony\\Component\\Console\\Output\\ConsoleOutput))
#3 C:\\Users\\UY\\works\\_php_projects\\numerology\\vendor\\laravel\\framework\\src\\Illuminate\\Console\\Application.php(94): Symfony\\Component\\Console\\Application->run(Object(Symfony\\Component\\Console\\Input\\ArgvInput), Object(Symfony\\Component\\Console\\Output\\ConsoleOutput))
#4 C:\\Users\\UY\\works\\_php_projects\\numerology\\vendor\\laravel\\framework\\src\\Illuminate\\Foundation\\Console\\Kernel.php(129): Illuminate\\Console\\Application->run(Object(Symfony\\Component\\Console\\Input\\ArgvInput), Object(Symfony\\Component\\Console\\Output\\ConsoleOutput))
#5 C:\\Users\\UY\\works\\_php_projects\\numerology\\artisan(35): Illuminate\\Foundation\\Console\\Kernel->handle(Object(Symfony\\Component\\Console\\Input\\ArgvInput), Object(Symfony\\Component\\Console\\Output\\ConsoleOutput))
#6 {main}
"} 
[2024-10-02 07:25:00] local.ERROR: There are no commands defined in the "ide-helper" namespace. {"exception":"[object] (Symfony\\Component\\Console\\Exception\\NamespaceNotFoundException(code: 0): There are no commands defined in the \"ide-helper\" namespace. at C:\\Users\\UY\\works\\_php_projects\\numerology\\vendor\\symfony\\console\\Application.php:650)
[stacktrace]
#0 C:\\Users\\UY\\works\\_php_projects\\numerology\\vendor\\symfony\\console\\Application.php(701): Symfony\\Component\\Console\\Application->findNamespace('ide-helper')
#1 C:\\Users\\UY\\works\\_php_projects\\numerology\\vendor\\symfony\\console\\Application.php(259): Symfony\\Component\\Console\\Application->find('ide-helper:gene...')
#2 C:\\Users\\UY\\works\\_php_projects\\numerology\\vendor\\symfony\\console\\Application.php(171): Symfony\\Component\\Console\\Application->doRun(Object(Symfony\\Component\\Console\\Input\\ArgvInput), Object(Symfony\\Component\\Console\\Output\\ConsoleOutput))
#3 C:\\Users\\UY\\works\\_php_projects\\numerology\\vendor\\laravel\\framework\\src\\Illuminate\\Console\\Application.php(94): Symfony\\Component\\Console\\Application->run(Object(Symfony\\Component\\Console\\Input\\ArgvInput), Object(Symfony\\Component\\Console\\Output\\ConsoleOutput))
#4 C:\\Users\\UY\\works\\_php_projects\\numerology\\vendor\\laravel\\framework\\src\\Illuminate\\Foundation\\Console\\Kernel.php(129): Illuminate\\Console\\Application->run(Object(Symfony\\Component\\Console\\Input\\ArgvInput), Object(Symfony\\Component\\Console\\Output\\ConsoleOutput))
#5 C:\\Users\\UY\\works\\_php_projects\\numerology\\artisan(35): Illuminate\\Foundation\\Console\\Kernel->handle(Object(Symfony\\Component\\Console\\Input\\ArgvInput), Object(Symfony\\Component\\Console\\Output\\ConsoleOutput))
#6 {main}
"} 
[2024-10-02 07:26:24] local.ERROR: There are no commands defined in the "ide-helper" namespace. {"exception":"[object] (Symfony\\Component\\Console\\Exception\\NamespaceNotFoundException(code: 0): There are no commands defined in the \"ide-helper\" namespace. at C:\\Users\\UY\\works\\_php_projects\\numerology\\vendor\\symfony\\console\\Application.php:650)
[stacktrace]
#0 C:\\Users\\UY\\works\\_php_projects\\numerology\\vendor\\symfony\\console\\Application.php(701): Symfony\\Component\\Console\\Application->findNamespace('ide-helper')
#1 C:\\Users\\UY\\works\\_php_projects\\numerology\\vendor\\symfony\\console\\Application.php(259): Symfony\\Component\\Console\\Application->find('ide-helper:gene...')
#2 C:\\Users\\UY\\works\\_php_projects\\numerology\\vendor\\symfony\\console\\Application.php(171): Symfony\\Component\\Console\\Application->doRun(Object(Symfony\\Component\\Console\\Input\\ArgvInput), Object(Symfony\\Component\\Console\\Output\\ConsoleOutput))
#3 C:\\Users\\UY\\works\\_php_projects\\numerology\\vendor\\laravel\\framework\\src\\Illuminate\\Console\\Application.php(94): Symfony\\Component\\Console\\Application->run(Object(Symfony\\Component\\Console\\Input\\ArgvInput), Object(Symfony\\Component\\Console\\Output\\ConsoleOutput))
#4 C:\\Users\\UY\\works\\_php_projects\\numerology\\vendor\\laravel\\framework\\src\\Illuminate\\Foundation\\Console\\Kernel.php(129): Illuminate\\Console\\Application->run(Object(Symfony\\Component\\Console\\Input\\ArgvInput), Object(Symfony\\Component\\Console\\Output\\ConsoleOutput))
#5 C:\\Users\\UY\\works\\_php_projects\\numerology\\artisan(35): Illuminate\\Foundation\\Console\\Kernel->handle(Object(Symfony\\Component\\Console\\Input\\ArgvInput), Object(Symfony\\Component\\Console\\Output\\ConsoleOutput))
#6 {main}
"} 
[2024-10-02 07:28:08] local.ERROR: There are no commands defined in the "ide-helper" namespace. {"exception":"[object] (Symfony\\Component\\Console\\Exception\\NamespaceNotFoundException(code: 0): There are no commands defined in the \"ide-helper\" namespace. at C:\\Users\\UY\\works\\_php_projects\\numerology\\vendor\\symfony\\console\\Application.php:650)
[stacktrace]
#0 C:\\Users\\UY\\works\\_php_projects\\numerology\\vendor\\symfony\\console\\Application.php(701): Symfony\\Component\\Console\\Application->findNamespace('ide-helper')
#1 C:\\Users\\UY\\works\\_php_projects\\numerology\\vendor\\symfony\\console\\Application.php(259): Symfony\\Component\\Console\\Application->find('ide-helper:gene...')
#2 C:\\Users\\UY\\works\\_php_projects\\numerology\\vendor\\symfony\\console\\Application.php(171): Symfony\\Component\\Console\\Application->doRun(Object(Symfony\\Component\\Console\\Input\\ArgvInput), Object(Symfony\\Component\\Console\\Output\\ConsoleOutput))
#3 C:\\Users\\UY\\works\\_php_projects\\numerology\\vendor\\laravel\\framework\\src\\Illuminate\\Console\\Application.php(94): Symfony\\Component\\Console\\Application->run(Object(Symfony\\Component\\Console\\Input\\ArgvInput), Object(Symfony\\Component\\Console\\Output\\ConsoleOutput))
#4 C:\\Users\\UY\\works\\_php_projects\\numerology\\vendor\\laravel\\framework\\src\\Illuminate\\Foundation\\Console\\Kernel.php(129): Illuminate\\Console\\Application->run(Object(Symfony\\Component\\Console\\Input\\ArgvInput), Object(Symfony\\Component\\Console\\Output\\ConsoleOutput))
#5 C:\\Users\\UY\\works\\_php_projects\\numerology\\artisan(35): Illuminate\\Foundation\\Console\\Kernel->handle(Object(Symfony\\Component\\Console\\Input\\ArgvInput), Object(Symfony\\Component\\Console\\Output\\ConsoleOutput))
#6 {main}
"} 
[2024-10-02 07:28:23] local.ERROR: There are no commands defined in the "ide-helper" namespace. {"exception":"[object] (Symfony\\Component\\Console\\Exception\\NamespaceNotFoundException(code: 0): There are no commands defined in the \"ide-helper\" namespace. at C:\\Users\\UY\\works\\_php_projects\\numerology\\vendor\\symfony\\console\\Application.php:650)
[stacktrace]
#0 C:\\Users\\UY\\works\\_php_projects\\numerology\\vendor\\symfony\\console\\Application.php(701): Symfony\\Component\\Console\\Application->findNamespace('ide-helper')
#1 C:\\Users\\UY\\works\\_php_projects\\numerology\\vendor\\symfony\\console\\Application.php(259): Symfony\\Component\\Console\\Application->find('ide-helper:gene...')
#2 C:\\Users\\UY\\works\\_php_projects\\numerology\\vendor\\symfony\\console\\Application.php(171): Symfony\\Component\\Console\\Application->doRun(Object(Symfony\\Component\\Console\\Input\\ArgvInput), Object(Symfony\\Component\\Console\\Output\\ConsoleOutput))
#3 C:\\Users\\UY\\works\\_php_projects\\numerology\\vendor\\laravel\\framework\\src\\Illuminate\\Console\\Application.php(94): Symfony\\Component\\Console\\Application->run(Object(Symfony\\Component\\Console\\Input\\ArgvInput), Object(Symfony\\Component\\Console\\Output\\ConsoleOutput))
#4 C:\\Users\\UY\\works\\_php_projects\\numerology\\vendor\\laravel\\framework\\src\\Illuminate\\Foundation\\Console\\Kernel.php(129): Illuminate\\Console\\Application->run(Object(Symfony\\Component\\Console\\Input\\ArgvInput), Object(Symfony\\Component\\Console\\Output\\ConsoleOutput))
#5 C:\\Users\\UY\\works\\_php_projects\\numerology\\artisan(35): Illuminate\\Foundation\\Console\\Kernel->handle(Object(Symfony\\Component\\Console\\Input\\ArgvInput), Object(Symfony\\Component\\Console\\Output\\ConsoleOutput))
#6 {main}
"} 
[2024-10-02 07:28:53] local.ERROR: There are no commands defined in the "ide-helper" namespace. {"exception":"[object] (Symfony\\Component\\Console\\Exception\\NamespaceNotFoundException(code: 0): There are no commands defined in the \"ide-helper\" namespace. at C:\\Users\\UY\\works\\_php_projects\\numerology\\vendor\\symfony\\console\\Application.php:650)
[stacktrace]
#0 C:\\Users\\UY\\works\\_php_projects\\numerology\\vendor\\symfony\\console\\Application.php(701): Symfony\\Component\\Console\\Application->findNamespace('ide-helper')
#1 C:\\Users\\UY\\works\\_php_projects\\numerology\\vendor\\symfony\\console\\Application.php(259): Symfony\\Component\\Console\\Application->find('ide-helper:gene...')
#2 C:\\Users\\UY\\works\\_php_projects\\numerology\\vendor\\symfony\\console\\Application.php(171): Symfony\\Component\\Console\\Application->doRun(Object(Symfony\\Component\\Console\\Input\\ArgvInput), Object(Symfony\\Component\\Console\\Output\\ConsoleOutput))
#3 C:\\Users\\UY\\works\\_php_projects\\numerology\\vendor\\laravel\\framework\\src\\Illuminate\\Console\\Application.php(94): Symfony\\Component\\Console\\Application->run(Object(Symfony\\Component\\Console\\Input\\ArgvInput), Object(Symfony\\Component\\Console\\Output\\ConsoleOutput))
#4 C:\\Users\\UY\\works\\_php_projects\\numerology\\vendor\\laravel\\framework\\src\\Illuminate\\Foundation\\Console\\Kernel.php(129): Illuminate\\Console\\Application->run(Object(Symfony\\Component\\Console\\Input\\ArgvInput), Object(Symfony\\Component\\Console\\Output\\ConsoleOutput))
#5 C:\\Users\\UY\\works\\_php_projects\\numerology\\artisan(35): Illuminate\\Foundation\\Console\\Kernel->handle(Object(Symfony\\Component\\Console\\Input\\ArgvInput), Object(Symfony\\Component\\Console\\Output\\ConsoleOutput))
#6 {main}
"} 
[2024-10-02 07:29:02] local.ERROR: There are no commands defined in the "ide-helper" namespace. {"exception":"[object] (Symfony\\Component\\Console\\Exception\\NamespaceNotFoundException(code: 0): There are no commands defined in the \"ide-helper\" namespace. at C:\\Users\\UY\\works\\_php_projects\\numerology\\vendor\\symfony\\console\\Application.php:650)
[stacktrace]
#0 C:\\Users\\UY\\works\\_php_projects\\numerology\\vendor\\symfony\\console\\Application.php(701): Symfony\\Component\\Console\\Application->findNamespace('ide-helper')
#1 C:\\Users\\UY\\works\\_php_projects\\numerology\\vendor\\symfony\\console\\Application.php(259): Symfony\\Component\\Console\\Application->find('ide-helper:gene...')
#2 C:\\Users\\UY\\works\\_php_projects\\numerology\\vendor\\symfony\\console\\Application.php(171): Symfony\\Component\\Console\\Application->doRun(Object(Symfony\\Component\\Console\\Input\\ArgvInput), Object(Symfony\\Component\\Console\\Output\\ConsoleOutput))
#3 C:\\Users\\UY\\works\\_php_projects\\numerology\\vendor\\laravel\\framework\\src\\Illuminate\\Console\\Application.php(94): Symfony\\Component\\Console\\Application->run(Object(Symfony\\Component\\Console\\Input\\ArgvInput), Object(Symfony\\Component\\Console\\Output\\ConsoleOutput))
#4 C:\\Users\\UY\\works\\_php_projects\\numerology\\vendor\\laravel\\framework\\src\\Illuminate\\Foundation\\Console\\Kernel.php(129): Illuminate\\Console\\Application->run(Object(Symfony\\Component\\Console\\Input\\ArgvInput), Object(Symfony\\Component\\Console\\Output\\ConsoleOutput))
#5 C:\\Users\\UY\\works\\_php_projects\\numerology\\artisan(35): Illuminate\\Foundation\\Console\\Kernel->handle(Object(Symfony\\Component\\Console\\Input\\ArgvInput), Object(Symfony\\Component\\Console\\Output\\ConsoleOutput))
#6 {main}
"} 
[2024-10-02 07:30:09] local.ERROR: There are no commands defined in the "ide-helper" namespace. {"exception":"[object] (Symfony\\Component\\Console\\Exception\\NamespaceNotFoundException(code: 0): There are no commands defined in the \"ide-helper\" namespace. at C:\\Users\\UY\\works\\_php_projects\\numerology\\vendor\\symfony\\console\\Application.php:650)
[stacktrace]
#0 C:\\Users\\UY\\works\\_php_projects\\numerology\\vendor\\symfony\\console\\Application.php(701): Symfony\\Component\\Console\\Application->findNamespace('ide-helper')
#1 C:\\Users\\UY\\works\\_php_projects\\numerology\\vendor\\symfony\\console\\Application.php(259): Symfony\\Component\\Console\\Application->find('ide-helper:gene...')
#2 C:\\Users\\UY\\works\\_php_projects\\numerology\\vendor\\symfony\\console\\Application.php(171): Symfony\\Component\\Console\\Application->doRun(Object(Symfony\\Component\\Console\\Input\\ArgvInput), Object(Symfony\\Component\\Console\\Output\\ConsoleOutput))
#3 C:\\Users\\UY\\works\\_php_projects\\numerology\\vendor\\laravel\\framework\\src\\Illuminate\\Console\\Application.php(94): Symfony\\Component\\Console\\Application->run(Object(Symfony\\Component\\Console\\Input\\ArgvInput), Object(Symfony\\Component\\Console\\Output\\ConsoleOutput))
#4 C:\\Users\\UY\\works\\_php_projects\\numerology\\vendor\\laravel\\framework\\src\\Illuminate\\Foundation\\Console\\Kernel.php(129): Illuminate\\Console\\Application->run(Object(Symfony\\Component\\Console\\Input\\ArgvInput), Object(Symfony\\Component\\Console\\Output\\ConsoleOutput))
#5 C:\\Users\\UY\\works\\_php_projects\\numerology\\artisan(35): Illuminate\\Foundation\\Console\\Kernel->handle(Object(Symfony\\Component\\Console\\Input\\ArgvInput), Object(Symfony\\Component\\Console\\Output\\ConsoleOutput))
#6 {main}
"} 
